0.798269244,0.109761061,0.091969695,0,0,2,3
0.797962138,0.086801688,0.115236175,0,0,2,3
0.798269244,0.109761061,0.091969695,1,0,2,3
0.797962138,0.086801688,0.115236175,1,0,2,3
0.797653097,0.052493358,0.149853545,0,0,2,2
0.794329854,0.166755877,0.03891427,0,0,2,3
0.79225243,0.164752348,0.042995222,0,0,2,2
0.791939506,0.048435117,0.159625377,0,0,2,3
0.791776248,0.154886347,0.053337405,0,0,2,2
0.791316542,0.168420912,0.040262546,0,0,2,2
0.791023637,0.126816081,0.082160282,1,0,2,2
0.790809005,0.098234518,0.110956477,1,0,2,2
0.788849607,0.068790609,0.142359784,1,0,2,2
0.78821154,0.20150363,0.01028483,0,0,2,2
0.78605813,0.05792125,0.15602062,0,0,2,3
0.785832842,0.113939384,0.100227774,0,0,2,2
0.785472912,0.026091291,0.188435797,0,0,2,2
0.783105059,0.060440384,0.156454557,0,0,2,2
0.783026937,0.079138667,0.137834397,0,0,2,2
0.78264671,0.056033861,0.161319429,1,0,2,3
0.782185744,0.001389243,0.216425012,1,0,2,3
0.78095789,0.027889816,0.191152294,1,0,2,3
0.780615711,0.218782671,0.000601617,0,0,2,3
0.780049801,0.056951833,0.162998366,0,0,2,3
0.779866521,0.046594112,0.173539367,0,0,2,2
0.779839906,0.055093115,0.165066978,0,0,2,2
0.779543169,0.183731546,0.036725285,0,0,2,3
0.778846601,0.103386684,0.117766715,0,0,2,3
0.777782654,0.0680214,0.154195947,0,0,2,3
0.77701509,0.195753063,0.027231846,0,0,2,2
0.771320014,0.190001444,0.038678541,0,0,2,2
0.771135074,0.088648966,0.140215959,0,0,2,3
0.770851263,0.12960651,0.099542227,1,0,2,2
0.769010963,0.153400654,0.077588384,0,0,2,2
0.767900262,0.118944776,0.113154961,1,0,2,3
0.767668097,0.154732175,0.077599727,0,0,2,3
0.765182839,0.05920091,0.175616252,1,0,2,3
0.76487461,0.081676708,0.153448682,0,0,2,3
0.764081696,0.011163046,0.224755258,1,0,2,2
0.764014581,0.055204792,0.180780628,0,0,2,2
0.76361323,0.095371833,0.141014937,0,0,2,3
0.762922994,0.169073271,0.068003735,0,0,2,2
0.761369405,0.187984514,0.050646082,0,0,2,2
0.75962054,0.055789478,0.184589981,0,0,2,2
0.759082121,0.079612255,0.161305624,0,0,2,2
0.758619351,0.221651216,0.019729432,1,0,2,3
0.758577002,0.104999323,0.136423674,1,0,2,2
0.758049263,0.211699035,0.030251702,0,0,2,2
0.757997273,0.224776687,0.01722604,1,0,2,2
0.757825409,0.181324774,0.060849817,0,0,2,2
0.757668234,0.127952997,0.114378769,0,0,2,2
0.756493472,0.010158055,0.233348473,1,0,2,3
0.755823069,0.088106613,0.156070318,0,0,2,2
0.755537472,0.019493579,0.224968949,1,0,2,2
0.751111186,0.094811105,0.15407771,1,0,2,3
0.749716371,0.097905842,0.152377787,0,0,2,3
0.749401398,0.12898221,0.121616391,0,0,2,2
0.748367495,0.00054523,0.251087275,0,0,2,2
0.748228807,0.158051397,0.093719795,0,0,2,3
0.745945898,0.072650322,0.18140378,0,0,2,3
0.745372531,0.043934929,0.21069254,0,0,2,3
0.745114688,0.041529641,0.21335567,0,0,2,3
0.741819432,0.040989449,0.217191119,0,0,2,3
0.737321993,0.184888229,0.077789778,0,0,2,3
0.734809626,0.215849609,0.049340765,0,0,2,3
0.73400265,0.160576755,0.105420596,0,0,2,3
0.733507634,0.048515525,0.21797684,0,0,2,3
0.731594236,0.186330871,0.082074893,0,0,2,3
0.730595894,0.020984165,0.248419941,0,0,2,3
0.730242906,0.245007744,0.02474935,0,0,2,2
0.73006187,0.051162347,0.218775783,1,0,2,2
0.729984134,0.110802095,0.159213771,0,0,2,2
0.727934661,0.161276791,0.110788549,0,0,2,2
0.727826397,0.155055428,0.117118176,0,0,2,2
0.727534794,0.159220435,0.113244771,0,0,2,3
0.727116955,0.048324387,0.224558658,0,0,2,3
0.726001321,0.087379077,0.186619602,0,0,2,2
0.725925544,0.143757342,0.130317114,1,0,2,3
0.725521521,0.245966727,0.028511753,0,0,2,2
0.723347267,0.088196958,0.188455775,1,0,2,3
0.723254876,0.037026078,0.239719046,1,0,2,3
0.720095279,0.218151006,0.061753714,0,0,2,2
0.71855389,0.180641488,0.100804622,1,0,2,2
0.718508181,0.11015394,0.171337879,0,0,2,3
0.717960963,0.156385553,0.125653483,0,0,2,3
0.715881134,0.123183051,0.160935816,0,0,2,3
0.715853704,0.17234419,0.111802106,0,0,2,3
0.715697617,0.113071329,0.171231054,0,0,2,3
0.715601654,0.220427599,0.063970747,0,0,2,3
0.71444288,0.114010197,0.171546922,0,0,2,3
0.714226715,0.196382917,0.089390367,0,0,2,3
0.712431044,0.126395117,0.161173839,0,0,2,2
0.712030118,0.164317214,0.123652668,0,0,2,3
0.711092288,0.048651023,0.240256689,0,0,2,3
0.710784542,0.173084464,0.116130993,1,0,2,2
0.710759836,0.010986199,0.278253966,1,0,2,3
0.708679475,0.239619414,0.051701111,0,0,2,2
0.708393216,0.057869581,0.233737203,0,0,2,3
0.707801609,0.146974831,0.14522356,1,0,2,2
0.706859271,0.001587013,0.291553716,1,0,2,3
0.705839192,0.265815993,0.028344815,1,0,2,3
0.705416976,0.150972026,0.143610997,1,0,2,2
0.705381683,0.203990028,0.090628289,1,0,2,2
0.705010412,0.077895489,0.217094098,0,0,2,2
0.70371586,0.160056201,0.136227939,0,0,2,2
0.702759668,0.047725326,0.249515005,0,0,2,2
0.702046057,0.201795871,0.096158073,0,0,2,2
0.699089532,0.287876857,0.013033611,0,0,2,2
0.698767695,0.232525521,0.068706785,0,0,2,3
0.698418212,0.025312962,0.276268826,0,0,2,3
0.695519791,0.168021144,0.136459065,1,0,2,3
0.695027667,0.160986988,0.143985345,1,0,2,3
0.694985217,0.154865762,0.15014902,0,0,2,3
0.694783444,0.134421737,0.17079482,0,0,2,3
0.69434169,0.144665675,0.160992635,0,0,2,3
0.692472907,0.166627287,0.140899806,0,0,2,3
0.691806499,0.077448644,0.230744858,0,0,2,3
0.691061989,0.201654604,0.107283407,0,0,2,3
0.690362778,0.219587536,0.090049686,1,0,2,2
0.690319636,0.228303092,0.081377272,1,0,2,3
0.689312023,0.02954762,0.281140358,1,0,2,2
0.688875192,0.251865814,0.059258995,0,0,2,2
0.688699616,0.03079416,0.280506224,0,0,2,2
0.687995798,0.221463562,0.09054064,1,0,2,3
0.685093063,0.229234641,0.085672296,0,0,2,3
0.683883944,0.196815335,0.11930072,0,0,2,2
0.683831945,0.140699798,0.175468258,1,0,2,2
0.682160514,0.071116689,0.246722798,1,0,2,3
0.682015652,0.01406064,0.303923709,0,0,2,3
0.681821711,0.165016813,0.153161476,0,0,2,2
0.681056806,0.051820789,0.267122405,1,0,2,2
0.680094713,0.06836845,0.251536838,0,0,2,3
0.679612762,0.201504348,0.11888289,0,0,2,3
0.679048039,0.174527319,0.146424642,0,0,2,3
0.678896384,0.026081604,0.295022012,0,0,2,2
0.678791112,0.27765697,0.043551918,0,0,2,2
0.678543711,0.277659444,0.043796845,1,0,2,2
0.678222841,0.237550186,0.084226973,0,0,2,2
0.677544522,0.104393687,0.21806179,0,0,2,2
0.67678808,0.169642606,0.153569315,0,0,2,3
0.676459082,0.005296261,0.318244657,0,0,2,2
0.675893563,0.004989875,0.319116563,0,0,2,2
0.675018559,0.153223154,0.171758286,0,0,2,2
0.674318931,0.134003048,0.191678021,0,0,2,2
0.673934537,0.118912017,0.207153446,1,0,2,2
0.67354869,0.242226011,0.084225299,1,0,2,2
0.673433945,0.080084718,0.246481337,1,0,2,3
0.673223167,0.249793329,0.076983504,0,0,2,2
0.673029204,0.022245173,0.304725623,0,0,2,3
0.672714916,0.133798808,0.193486276,0,0,2,3
0.672614049,0.322469718,0.004916233,0,0,2,3
0.672101603,0.256110657,0.07178774,0,0,2,2
0.671578585,0.231586985,0.096834431,1,0,2,3
0.670535606,0.083848769,0.245615625,1,0,2,2
0.670154184,0.077377215,0.252468601,0,0,2,2
0.668485257,0.163484494,0.168030249,0,0,2,2
0.667648486,0.015303696,0.317047818,0,0,2,2
0.667147103,0.159094015,0.173758882,0,0,2,2
0.664584683,0.051509575,0.283905742,0,0,2,2
0.663222867,0.149190888,0.187586245,1,0,2,3
0.662939417,0.228598811,0.108461772,0,0,2,3
0.662811787,0.024781922,0.312406292,0,0,2,2
0.662787164,0.304136474,0.033076362,0,0,2,3
0.662757547,0.167572149,0.169670305,0,0,2,2
0.66173575,0.090022522,0.248241728,0,0,2,3
0.661640774,0.220817295,0.117541931,0,0,2,2
0.65980998,0.052788945,0.287401075,0,0,2,2
0.659236523,0.213224803,0.127538675,1,0,2,3
0.658139457,0.20279961,0.139060933,1,0,2,2
0.657902161,0.320196795,0.021901044,0,0,2,3
0.657413911,0.064613304,0.277972786,0,0,2,3
0.656509912,0.077050843,0.266439245,1,0,2,2
0.655767873,0.150377661,0.193854466,0,0,2,2
0.655011773,0.254308072,0.090680156,0,0,2,3
0.653923363,0.278246329,0.067830308,1,0,2,3
0.653323064,0.196667423,0.150009513,0,0,2,2
0.652983279,0.096264978,0.250751743,0,0,2,2
0.652959629,0.056360125,0.290680246,1,0,2,3
0.652836549,0.227763921,0.11939953,1,0,2,2
0.65235238,0.238556492,0.109091128,0,0,2,3
0.651877243,0.336312122,0.011810635,0,0,2,3
0.651394916,0.160535133,0.18806995,0,0,2,2
0.648768434,0.071279745,0.279951821,0,0,2,2
0.648607784,0.052348439,0.299043777,0,0,2,2
0.648316864,0.047505661,0.304177475,1,0,2,2
0.64790781,0.3251248,0.02696739,0,0,2,2
0.647445096,0.34947273,0.003082174,0,0,2,3
0.647414114,0.220158216,0.132427671,0,0,2,2
0.64621794,0.138699631,0.215082429,0,0,2,2
0.646002872,0.097429271,0.256567857,0,0,2,3
0.644683237,0.339303228,0.016013535,0,0,2,2
0.644518882,0.29625735,0.059223767,1,0,2,2
0.644435323,0.268662157,0.08690252,1,0,2,3
0.643447832,0.268060787,0.088491381,1,0,2,3
0.642558552,0.317308937,0.040132511,1,0,2,2
0.642503578,0.030570979,0.326925443,0,0,2,3
0.642162164,0.101872521,0.255965315,0,0,2,2
0.642114825,0.347099616,0.010785559,0,0,2,2
0.641090102,0.254923579,0.103986319,0,0,2,3
0.640924758,0.250950019,0.108125222,0,0,2,2
0.640309646,0.1948,0.164890353,0,0,2,2
0.639668908,0.220619076,0.139712017,0,0,2,2
0.639342216,0.221525269,0.139132515,0,0,2,3
0.63911752,0.070635013,0.290247468,0,0,2,2
0.638662843,0.303133379,0.058203777,0,0,2,3
0.637507079,0.211345493,0.151147428,1,0,2,3
0.63725973,0.215443442,0.147296828,1,0,2,3
0.637202278,0.33533319,0.027464532,1,0,2,3
0.636718682,0.281777199,0.081504119,0,0,2,2
0.636589046,0.046610609,0.316800345,0,0,2,2
0.636495959,0.316059481,0.04744456,0,0,2,3
0.63408286,0.083689611,0.282227529,0,0,2,3
0.632531731,0.25453612,0.112932148,0,0,2,3
0.63124882,0.054578741,0.314172439,0,0,2,2
0.630663666,0.007656491,0.361679843,0,0,2,2
0.630197705,0.126034572,0.243767723,0,0,2,3
0.626927376,0.178043975,0.195028649,0,0,2,2
0.626856188,0.017922233,0.355221579,0,0,2,3
0.624223048,0.321503714,0.054273238,0,0,2,3
0.623993269,0.181353602,0.19465313,0,0,2,2
0.622094785,0.206004553,0.171900661,0,0,2,2
0.621143385,0.175151726,0.203704889,0,0,2,2
0.620528108,0.332065463,0.047406429,0,0,2,3
0.619746926,0.011521015,0.368732058,0,0,2,3
0.618843897,0.102799604,0.278356499,0,0,2,3
0.61797196,0.011151047,0.370876993,0,0,2,2
0.617500477,0.068921288,0.313578235,1,0,2,2
0.616550701,0.252501784,0.130947515,0,0,2,3
0.616363641,0.22716941,0.156466949,1,0,2,2
0.615146811,0.278565718,0.106287471,1,0,2,3
0.614956335,0.010835923,0.374207742,1,0,2,2
0.614930819,0.277306364,0.107762817,1,0,2,2
0.614795649,0.07386312,0.311341231,1,0,2,3
0.614794301,0.013096864,0.372108835,1,0,2,3
0.614627804,0.23851878,0.146853416,1,0,2,2
0.614216857,0.024062865,0.361720278,1,0,2,2
0.613317053,0.356927719,0.029755228,1,0,2,2
0.61235735,0.065711207,0.321931443,1,0,2,3
0.611330363,0.318509894,0.070159743,1,0,2,3
0.610420626,0.298568482,0.091010892,1,0,2,2
0.610061668,0.173335922,0.21660241,1,0,2,2
0.609837835,0.105953329,0.284208836,1,0,2,2
0.609416012,0.261274056,0.129309932,1,0,2,2
0.60882716,0.127593719,0.263579121,1,0,2,2
0.608502619,0.101948839,0.289548542,1,0,2,2
0.607480565,0.112183887,0.280335548,1,0,2,2
0.607007105,0.271066645,0.12192625,1,0,2,2
0.606930178,0.036584135,0.356485687,1,0,2,3
0.605947734,0.167439109,0.226613157,1,0,2,2
0.60462956,0.392077335,0.003293105,1,0,2,3
0.603813261,0.002230356,0.393956383,1,0,2,2
0.602920883,0.261047092,0.136032024,1,0,2,2
0.602784738,0.333722326,0.063492936,1,0,2,2
0.600619998,0.328481236,0.070898766,1,0,2,2
0.600063845,0.305744858,0.094191297,1,0,2,2
0.599841687,0.318411941,0.081746371,1,0,2,3
0.597433813,0.106482078,0.296084109,1,0,2,2
0.597234154,0.192166102,0.210599743,1,0,2,3
0.59696692,0.013501023,0.389532057,1,0,2,2
0.596784812,0.014198826,0.389016362,1,0,2,2
0.595743291,0.092378632,0.311878078,1,0,2,2
0.59452988,0.297580925,0.107889194,1,0,2,3
0.59434812,0.34479841,0.060853469,1,0,2,2
0.594009412,0.160826421,0.245164167,1,0,2,2
0.593100232,0.269248587,0.13765118,1,0,2,2
0.592703937,0.243324132,0.163971932,1,0,2,2
0.59228072,0.300561136,0.107158144,1,0,2,3
0.591752017,0.399225976,0.009022006,1,0,2,2
0.590980874,0.314539543,0.094479583,1,0,2,3
0.590951534,0.300139242,0.108909224,1,0,2,3
0.58989353,0.309315971,0.100790499,1,0,2,2
0.589636785,0.323956317,0.086406898,1,0,2,2
0.588683732,0.263914198,0.14740207,1,0,2,2
0.588549014,0.239500742,0.171950245,1,0,2,3
0.587985106,0.319421727,0.092593167,1,0,2,2
0.586459514,0.088482512,0.325057973,1,0,2,2
0.585804059,0.333303253,0.080892688,1,0,2,2
0.58420717,0.059920071,0.355872758,1,0,2,3
0.583518434,0.361987872,0.054493694,1,0,2,3
0.582992904,0.256556156,0.160450939,1,0,2,2
0.582859087,0.341779185,0.075361728,1,0,2,2
0.582851403,0.068958161,0.348190435,1,0,2,2
0.581855785,0.292607243,0.125536972,1,0,2,3
0.581753494,0.312105421,0.106141085,1,0,2,2
0.580439504,0.183377387,0.236183109,1,0,2,2
0.58039947,0.337928637,0.081671892,1,0,2,3
0.580154191,0.291686916,0.128158893,1,0,2,2
0.579332705,0.334613591,0.086053704,1,0,2,3
0.578603735,0.286780097,0.134616168,1,0,2,3
0.577654412,0.345021798,0.077323791,1,0,2,3
0.575754335,0.101893905,0.322351761,1,0,2,3
0.575210108,0.129526261,0.29526363,1,0,2,2
0.574143188,0.005606321,0.420250491,1,0,2,2
0.574085326,0.266474049,0.159440625,1,0,2,2
0.573624822,0.314667365,0.111707813,1,0,2,3
0.573109198,0.038753209,0.388137593,1,0,2,2
0.57283368,0.138122543,0.289043777,1,0,2,3
0.572734311,0.189069259,0.238196431,1,0,2,3
0.571174845,0.143869048,0.284956107,1,0,2,2
0.570827531,0.097725574,0.331446895,1,0,2,3
0.570561012,0.12492334,0.304515648,1,0,2,2
0.570040929,0.201885651,0.22807342,1,0,2,3
0.569949523,0.225558009,0.204492468,1,0,2,3
0.569782178,0.20236818,0.227849642,1,0,2,2
0.569335885,0.200409936,0.23025418,1,0,2,2
0.569046382,0.193947342,0.237006276,1,0,2,2
0.568726293,0.023650771,0.407622935,1,0,2,2
0.56778955,0.122359757,0.309850692,1,0,2,3
0.567100841,0.027436272,0.405462886,1,0,2,3
0.566353128,0.082551184,0.351095687,1,0,2,3
0.566142699,0.181022987,0.252834314,1,0,2,2
0.565515129,0.005252375,0.429232496,1,0,2,3
0.565059539,0.387657403,0.047283058,1,0,2,2
0.56349953,0.144418126,0.292082344,1,0,2,3
0.563314795,0.432175488,0.004509717,1,0,2,3
0.562741396,0.035930974,0.40132763,1,0,2,3
0.562641618,0.172497213,0.26486117,1,0,2,2
0.562137477,0.43143817,0.006424353,1,0,2,3
0.561692714,0.139372907,0.298934379,1,0,2,3
0.561656743,0.04432001,0.394023247,1,0,2,2
0.56136769,0.0933323,0.34530001,1,0,2,3
0.561013448,0.031874862,0.40711169,1,0,2,3
0.560502152,0.301284356,0.138213491,1,0,2,2
0.560342757,0.43019977,0.009457473,1,0,2,3
0.559914591,0.386824471,0.053260938,1,0,2,3
0.55970512,0.353267062,0.087027818,1,0,2,3
0.559104602,0.014997459,0.425897939,1,0,2,3
0.559075501,0.217461897,0.223462602,1,0,2,3
0.559068631,0.344785439,0.09614593,1,0,2,3
0.558584068,0.246661941,0.194753991,1,0,2,2
0.558314425,0.010083712,0.431601863,1,0,2,2
0.558062306,0.283149949,0.158787746,1,0,2,3
0.557907799,0.234024506,0.208067695,1,0,2,3
0.557569299,0.109703535,0.332727166,1,0,2,3
0.556914811,0.354221368,0.08886382,1,0,2,3
0.555224144,0.025561527,0.419214329,1,0,2,2
0.554548062,0.234239264,0.211212674,1,0,2,2
0.554363755,0.239732356,0.205903889,1,0,2,3
0.553781421,0.18917816,0.257040419,1,0,2,3
0.553374193,0.252580215,0.194045592,1,0,2,2
0.552985413,0.404531058,0.042483529,1,0,2,3
0.552589255,0.151989266,0.295421479,1,0,2,3
0.551395546,0.001879495,0.446724959,1,0,2,2
0.551073481,0.346251563,0.102674956,1,0,2,2
0.550928424,0.333937077,0.115134499,1,0,2,3
0.550919115,0.219625666,0.229455219,1,0,2,2
0.550666167,0.022190324,0.427143509,1,0,2,3
0.550553854,0.120993225,0.328452921,1,0,2,2
0.550504304,0.38107394,0.068421756,1,0,2,2
0.550413941,0.319373398,0.130212661,1,0,2,3
0.550350548,0.085586397,0.364063054,1,0,2,3
0.550251476,0.426483341,0.023265184,1,0,2,2
0.550135886,0.102808678,0.347055436,1,0,2,3
0.549968048,0.328570865,0.121461087,1,0,2,3
0.549958049,0.359876546,0.090165405,1,0,2,3
0.549200882,0.067725747,0.383073371,1,0,2,3
0.548832879,0.247637148,0.203529972,1,0,2,3
0.548632776,0.26741526,0.183951964,1,0,2,2
0.547903451,0.228868637,0.223227912,1,0,2,3
0.547480091,0.005887188,0.446632721,1,0,2,2
0.547271506,0.12100034,0.331728154,1,0,2,3
0.546737848,0.148708201,0.304553951,1,0,2,3
0.546579907,0.354503699,0.098916394,1,0,2,2
0.545425199,0.124830663,0.329744138,1,0,2,3
0.543952813,0.367179976,0.08886721,1,0,2,2
0.543709379,0.188691772,0.267598849,1,0,2,2
0.543662043,0.306174264,0.150163693,1,0,2,2
0.541178657,0.326848865,0.131972479,1,0,2,2
0.539403306,0.135580021,0.325016673,1,0,2,2
0.539105116,0.094439118,0.366455765,1,0,2,2
0.538004251,0.176159748,0.285836001,1,0,2,2
0.537948468,0.4141151,0.047936432,1,0,2,3
0.537582856,0.186783049,0.275634095,1,0,2,2
0.537485491,0.256760611,0.205753898,1,0,2,2
0.53505865,0.302049558,0.162891792,1,0,2,3
0.534889109,0.141418059,0.323692832,1,0,2,3
0.534525413,0.231241901,0.234232685,1,0,2,2
0.53443489,0.303191551,0.162373559,1,0,2,3
0.534147029,0.388325603,0.077527368,1,0,2,3
0.534080678,0.023919696,0.441999626,1,0,2,2
0.533412763,0.316608884,0.149978353,1,0,2,2
0.533392871,0.192880065,0.273727063,1,0,2,3
0.531695042,0.223289405,0.245015553,1,0,2,3
0.531657861,0.017630827,0.450711312,1,0,2,2
0.531490106,0.311571159,0.156938735,1,0,2,2
0.530972608,0.138107644,0.330919749,1,0,2,2
0.530894516,0.240851014,0.22825447,1,0,2,3
0.530599874,0.283251804,0.186148322,1,0,2,3
0.529084352,0.388758182,0.082157467,1,0,2,3
0.528623476,0.049352378,0.422024147,1,0,2,2
0.528559556,0.419020087,0.052420357,1,0,2,2
0.528248433,0.333184376,0.138567191,1,0,2,3
0.528161259,0.387864263,0.083974478,1,0,2,3
0.528049973,0.058446907,0.413503119,1,0,2,2
0.526830565,0.426649152,0.046520283,1,0,2,3
0.526521733,0.197393578,0.276084689,1,0,2,3
0.525915048,0.361661873,0.112423079,1,0,2,2
0.525202386,0.454683157,0.020114457,1,0,2,2
0.52419581,0.067728405,0.408075784,1,0,2,3
0.524113481,0.438955519,0.036931001,1,0,2,2
0.523936376,0.239075349,0.236988275,1,0,2,3
0.523787037,0.18786165,0.288351313,1,0,2,2
0.523440104,0.160309455,0.31625044,1,0,2,3
0.523037595,0.128665384,0.348297021,1,0,2,3
0.522870399,0.120826718,0.356302883,1,0,2,2
0.522723187,0.429439452,0.047837361,1,0,2,3
0.521979686,0.123210916,0.354809398,1,0,2,2
0.521965022,0.219883169,0.25815181,1,0,2,3
0.521734993,0.432782915,0.045482092,1,0,2,2
0.521680592,0.162213981,0.316105427,1,0,2,3
0.518144786,0.163036398,0.318818817,1,0,2,3
0.517993082,0.03155721,0.450449708,1,0,2,3
0.517903519,0.178951484,0.303144997,1,0,2,2
0.517371505,0.000396711,0.482231784,1,0,2,2
0.517243631,0.033384104,0.449372265,1,0,2,3
0.516655795,0.424771794,0.058572412,1,0,2,2
0.51615486,0.424188558,0.059656582,1,0,2,3
0.516017533,0.03103811,0.452944357,1,0,2,3
0.516012856,0.46339067,0.020596473,1,0,2,3
0.515358075,0.301334157,0.183307768,1,0,2,3
0.515034172,0.027711435,0.457254394,1,0,2,3
0.51486418,0.417979419,0.067156401,1,0,2,2
0.51458178,0.118397866,0.367020354,1,0,2,3
0.513868621,0.353935502,0.132195878,1,0,2,3
0.513158978,0.089783758,0.397057264,1,0,2,2
0.512523269,0.325274267,0.162202464,1,0,2,3
0.51228449,0.155094169,0.33262134,1,0,2,3
0.512200835,0.355596243,0.132202923,1,0,2,3
0.511724542,0.201902212,0.286373246,1,0,2,2
0.511397833,0.0901953,0.398406867,1,0,2,3
0.510664344,0.171879944,0.317455712,1,0,2,3
0.510483255,0.229180459,0.260336286,1,0,2,3
0.510344247,0.203708459,0.285947294,1,0,2,2
0.509779877,0.305608,0.184612122,1,0,2,2
0.508193401,0.253098451,0.238708148,1,0,2,3
0.50739338,0.206324049,0.286282571,1,0,2,3
0.50675279,0.17988464,0.31336257,1,0,2,2
0.506406565,0.169990129,0.323603306,1,0,2,3
0.506078848,0.317666714,0.176254438,1,0,2,2
0.505217716,0.453904516,0.040877768,1,0,2,2
0.504542983,0.043191254,0.452265763,1,0,2,3
0.504115044,0.146596253,0.349288703,1,0,2,2
0.503782945,0.318662466,0.177554589,1,0,2,2
0.502545232,0.207070913,0.290383856,1,0,2,2
0.502106521,0.13761263,0.360280849,1,0,2,3
0.501099946,0.296307331,0.202592723,1,0,2,3
0.500725869,0.31052012,0.188754011,1,0,2,2
0.500236032,0.454317014,0.045446955,1,0,2,3
0.500212092,0.270308571,0.229479337,1,0,2,2
0.500190591,0.1355023,0.364307109,1,0,2,2
0.499863185,0.199612992,0.300523824,1,0,2,3
0.499568827,0.452161508,0.048269664,1,0,2,2
0.499207201,0.021483476,0.479309323,1,0,2,2
0.499151032,0.371035923,0.129813045,1,0,2,3
0.499109665,0.255963734,0.244926602,1,0,2,3
0.497797493,0.095826764,0.406375744,1,0,2,3
0.497697085,0.093976428,0.408326488,1,0,2,2
0.497388502,0.002633287,0.499978212,1,0,2,3
0.496366723,0.409202161,0.094431116,1,0,2,2
0.496329861,0.015943432,0.487726707,1,0,2,3
0.496195878,0.186697465,0.317106657,1,0,2,2
0.495649802,0.175303736,0.329046462,1,0,2,3
0.494508823,0.384429734,0.121061443,1,0,2,3
0.493784876,0.499319022,0.006896101,1,0,2,3
0.493528171,0.021353495,0.485118334,1,0,2,2
0.49323255,0.370865929,0.135901521,1,0,2,2
0.492766105,0.441218486,0.06601541,1,0,2,2
0.492524775,0.392714501,0.114760723,1,0,2,3
0.491459438,0.037381939,0.471158623,1,0,2,2
0.491440347,0.121317633,0.38724202,1,0,2,2
0.491393083,0.462083799,0.046523118,1,0,2,2
0.491140777,0.174818538,0.334040685,1,0,2,2
0.491029177,0.365828278,0.143142545,1,0,2,3
0.489472346,0.203357948,0.307169707,1,0,2,2
0.488439501,0.02396524,0.487595259,1,0,2,3
0.488053214,0.326851427,0.185095358,1,0,2,3
0.486138125,0.279489088,0.234372787,1,0,2,2
0.485963278,0.497113215,0.016923507,1,0,2,2
0.485960857,0.323609941,0.190429202,1,0,2,2
0.485600929,0.287363557,0.227035514,1,0,2,2
0.484908853,0.238196382,0.276894765,1,0,2,3
0.483996774,0.092414043,0.423589184,1,0,2,3
0.48217468,0.235124062,0.282701258,1,0,2,3
0.4814166,0.194599736,0.323983664,1,0,2,2
0.481048111,0.490102204,0.028849685,1,0,2,2
0.480667526,0.47117441,0.048158064,1,0,2,3
0.480219849,0.232922816,0.286857334,1,0,2,3
0.480111327,0.460359623,0.05952905,1,0,2,2
0.479924317,0.211897466,0.308178217,1,0,2,2
0.479743275,0.192619417,0.327637308,1,0,2,3
0.479729056,0.421718396,0.098552548,1,0,2,3
0.479445211,0.464651697,0.055903093,1,0,2,3
0.47925981,0.399895972,0.120844218,1,0,2,3
0.478412145,0.030471357,0.491116498,1,0,2,2
0.478340143,0.003880088,0.517779768,1,0,2,3
0.478082171,0.168215738,0.35370209,1,0,2,3
0.477992792,0.469990003,0.052017205,1,0,2,3
0.476915078,0.44449806,0.078586862,1,0,2,2
0.475722778,0.135054831,0.389222391,1,0,2,2
0.475277966,0.506169678,0.018552355,1,0,2,2
0.475026502,0.492885585,0.032087913,1,0,2,2
0.473406006,0.350351436,0.176242558,1,0,2,3
0.473210511,0.063736286,0.463053203,1,0,2,2
0.470948581,0.49135512,0.0376963,1,0,2,2
0.470767966,0.403111403,0.126120631,1,0,2,2
0.470705676,0.510306787,0.018987537,1,0,2,2
0.469956674,0.194673517,0.33536981,1,0,2,3
0.469175079,0.254516245,0.276308675,1,0,2,2
0.468710549,0.184393339,0.346896111,1,0,2,3
0.468331478,0.345713994,0.185954528,1,0,2,3
0.467736319,0.246571377,0.285692304,1,0,2,3
0.467548932,0.066033111,0.466417958,1,0,2,2
0.467423528,0.2658864,0.266690072,1,0,2,3
0.46709382,0.117385099,0.415521081,1,0,2,2
0.466515387,0.087086553,0.44639806,1,0,2,2
0.465495213,0.123954283,0.410550505,1,0,2,2
0.464866111,0.330007627,0.205126262,1,0,2,3
0.464758931,0.034915284,0.500325786,1,0,2,2
0.464502138,0.490475385,0.045022477,1,0,2,2
0.464464378,0.131244915,0.404290708,1,0,2,2
0.464157093,0.254877044,0.280965863,1,0,2,2
0.463902241,0.292965479,0.243132279,1,0,2,2
0.463872331,0.293079235,0.243048434,1,0,2,2
0.463745468,0.249567123,0.286687409,1,0,2,3
0.46372094,0.163749425,0.372529634,1,0,2,3
0.463475111,0.341455444,0.195069445,1,0,2,3
0.462784691,0.397875304,0.139340005,1,0,2,3
0.462048825,0.011736732,0.526214443,1,0,2,3
0.461991586,0.50348016,0.034528253,1,0,2,3
0.461917968,0.268938799,0.269143232,1,0,2,2
0.461100455,0.456028813,0.082870731,1,0,2,3
0.460000527,0.161257228,0.378742245,1,0,2,3
0.459978088,0.144984345,0.395037567,1,0,2,3
0.459823544,0.358157276,0.18201918,1,0,2,2
0.459745669,0.426770084,0.113484248,1,0,2,2
0.45944127,0.216008544,0.324550185,1,0,2,3
0.458947753,0.416552213,0.124500035,1,0,2,3
0.458797345,0.523708072,0.017494583,1,0,2,3
0.458320826,0.231092821,0.310586353,1,0,2,2
0.458141556,0.333330753,0.208527691,1,0,2,3
0.457834967,0.080947738,0.461217295,1,0,2,3
0.457757067,0.213664088,0.328578844,1,0,2,2
0.457442153,0.270604632,0.271953215,1,0,2,2
0.456604905,0.454580303,0.088814793,1,0,2,2
0.455778061,0.184196229,0.360025711,1,0,2,3
0.455584262,0.253502423,0.290913315,1,0,2,2
0.455518022,0.031402217,0.513079761,1,0,2,3
0.455430851,0.072404152,0.472164997,1,0,2,2
0.455241224,0.149822685,0.39493609,0,0,0,1
0.454635039,0.261591048,0.283773912,0,0,1,3
0.454061163,0.354675362,0.191263475,1,1,2,3
0.453682004,0.429548024,0.116769973,0,0,1,1
0.452256877,0.03182993,0.515913193,1,1,0,3
0.452105288,0.284516902,0.263377811,1,1,2,3
0.450756789,0.146666716,0.402576495,1,0,0,3
0.450696513,0.089377543,0.459925944,1,1,1,3
0.449375167,0.205151175,0.345473658,0,1,1,3
0.449078254,0.012981991,0.537939755,0,1,0,1
0.44890431,0.332611115,0.218484575,1,1,1,1
0.448859835,0.030765699,0.520374465,1,1,2,2
0.447666744,0.121410863,0.430922393,0,0,0,2
0.446796923,0.224403197,0.32879988,0,0,0,2
0.44644013,0.405338513,0.148221357,0,1,2,1
0.446199198,0.11029741,0.443503392,1,1,0,1
0.445956098,0.084830103,0.469213799,0,1,1,3
0.445485944,0.045067397,0.509446659,1,1,0,2
0.445210693,0.186147596,0.368641711,1,0,0,3
0.444523204,0.164016007,0.391460789,0,0,2,3
0.444319075,0.187544599,0.368136327,1,1,1,2
0.443737227,0.482687835,0.073574938,0,0,1,1
0.443313453,0.214552405,0.342134142,0,1,0,3
0.44317403,0.07130373,0.48552224,0,1,1,3
0.442440447,0.323461595,0.234097958,1,0,0,1
0.442389216,0.041095109,0.516515676,0,1,2,2
0.441379465,0.265005526,0.293615009,1,0,0,1
0.44051074,0.33863154,0.22085772,1,0,0,1
0.440138187,0.125710484,0.434151329,0,0,1,2
0.439049977,0.505982351,0.054967672,1,1,2,2
0.438495634,0.134208157,0.427296209,1,1,0,1
0.438219159,0.257462386,0.304318456,0,1,0,1
0.437978165,0.444382928,0.117638907,0,0,0,3
0.437922565,0.125387117,0.436690318,1,1,2,1
0.436843067,0.249832413,0.31332452,1,1,2,1
0.436119412,0.412965704,0.150914884,0,0,1,3
0.435841526,0.267743145,0.296415329,1,1,2,3
0.435707562,0.012718923,0.551573514,0,0,1,3
0.435527013,0.560414815,0.004058172,0,0,0,2
0.435478267,0.067545571,0.496976162,0,0,2,3
0.435373313,0.468735709,0.095890978,1,1,0,2
0.434790912,0.20600095,0.359208138,1,1,2,3
0.434658432,0.519741518,0.04560005,0,0,2,2
0.434300316,0.032662208,0.533037476,0,0,1,2
0.433622356,0.188156862,0.378220783,0,0,0,2
0.432731701,0.273731485,0.293536814,1,1,1,3
0.43260698,0.038459429,0.528933591,0,0,2,2
0.432594949,0.066952438,0.500452613,0,1,1,3
0.432580078,0.122064755,0.445355168,1,1,0,3
0.431508063,0.0207873,0.547704637,0,1,0,1
0.431259462,0.131469522,0.437271016,0,0,0,3
0.430644983,0.372458871,0.196896146,0,0,1,2
0.429882114,0.029411364,0.540706522,1,0,1,2
0.429813485,0.28285913,0.287327385,1,0,2,3
0.429753856,0.186390418,0.383855726,1,0,2,2
0.42964899,0.453467448,0.116883562,0,1,2,2
0.429367953,0.135883028,0.434749019,1,1,1,2
0.428982218,0.481112636,0.089905146,1,0,2,1
0.427971634,0.108533313,0.463495054,0,0,1,2
0.427955506,0.07724845,0.494796044,1,1,0,3
0.427212165,0.038322414,0.534465421,0,1,0,1
0.427036868,0.377994452,0.194968681,1,1,2,3
0.426679676,0.150658906,0.422661418,1,0,1,2
0.426486483,0.339324177,0.234189339,0,0,0,1
0.425883291,0.324386533,0.249730176,0,1,2,2
0.425502242,0.123546408,0.45095135,0,0,2,2
0.425473516,0.29525578,0.279270704,0,0,1,1
0.425395661,0.477117672,0.097486667,0,0,1,1
0.425312184,0.157380771,0.417307046,1,0,1,2
0.4252304,0.452750692,0.122018908,1,0,2,1
0.425149545,0.488356908,0.086493547,0,0,1,2
0.424767476,0.269014748,0.306217776,1,0,1,2
0.424427791,0.36286981,0.212702399,1,0,2,2
0.423860703,0.407995434,0.168143863,0,0,1,2
0.423844333,0.289653489,0.286502178,0,0,1,1
0.4235554,0.099142684,0.477301916,1,0,1,2
0.423117807,0.057839701,0.519042491,1,0,2,2
0.422793187,0.255853541,0.321353272,1,0,2,2
0.422647958,0.121596423,0.455755619,1,0,1,2
0.421318382,0.360883766,0.217797851,1,0,1,1
0.42125895,0.396778406,0.181962644,1,0,1,1
0.420964091,0.241081565,0.337954344,0,0,1,2
0.420652712,0.426326798,0.15302049,0,0,1,1
0.420503322,0.43055185,0.148944828,1,0,2,2
0.420424446,0.488208864,0.09136669,0,0,2,2
0.420122926,0.434133049,0.145744024,0,0,1,2
0.419003295,0.103079489,0.477917216,0,0,1,2
0.418008908,0.146005743,0.435985348,0,0,2,2
0.416569893,0.144434496,0.438995611,0,0,2,2
0.41563477,0.20292396,0.381441271,1,0,1,2
0.414945125,0.501273464,0.08378141,0,0,2,1
0.41389688,0.469070347,0.117032773,1,0,1,2
0.413620625,0.308174737,0.278204637,0,0,1,2
0.413246279,0.118370965,0.468382756,0,0,1,2
0.413034678,0.056887911,0.530077411,1,0,2,2
0.412998573,0.452614131,0.134387296,1,0,1,2
0.412786438,0.433271161,0.153942402,0,0,1,2
0.412416115,0.388528176,0.199055708,1,0,2,2
0.411266583,0.243840562,0.344892854,1,0,1,2
0.411226265,0.068795628,0.519978107,0,0,2,1
0.410818218,0.380760525,0.208421257,0,0,1,1
0.410792904,0.370339514,0.218867582,0,0,2,2
0.410725266,0.443115603,0.146159132,0,0,2,1
0.410646015,0.277408209,0.311945776,1,0,1,2
0.410200977,0.042502365,0.547296658,0,0,1,1
0.410083361,0.147244103,0.442672536,0,0,2,1
0.409857468,0.583057431,0.0070851,0,0,1,1
0.409541033,0.167217415,0.423241552,1,0,1,1
0.409335244,0.478513346,0.11215141,0,0,2,2
0.40893405,0.204955764,0.386110186,1,0,1,2
0.408279989,0.408609792,0.18311022,0,0,1,2
0.40827182,0.369255254,0.222472926,0,0,1,1
0.407786602,0.266602092,0.325611307,1,0,1,2
0.407602781,0.202104867,0.390292353,0,0,1,1
0.407340271,0.413421073,0.179238657,1,0,1,2
0.407293956,0.48823375,0.104472295,1,0,2,2
0.405611625,0.553641523,0.040746852,1,0,2,1
0.405501889,0.5319359,0.062562211,1,0,2,1
0.404315322,0.034691205,0.560993473,0,0,1,1
0.404259587,0.421626923,0.17411349,1,0,2,1
0.403687098,0.100162275,0.496150627,0,0,1,1
0.403617356,0.360563005,0.235819639,0,0,1,1
0.403173057,0.101339318,0.495487625,1,0,1,1
0.403118114,0.068376446,0.528505441,1,0,1,1
0.402450637,0.484606285,0.112943078,1,0,1,1
0.40233249,0.521716504,0.075951006,1,0,1,1
0.402244027,0.423692524,0.174063449,0,0,2,1
0.40198888,0.423808495,0.174202626,1,0,1,1
0.401869973,0.586057456,0.012072571,0,0,2,2
0.401649902,0.025172761,0.573177337,0,0,1,1
0.401191725,0.298309294,0.300498981,0,0,1,1
0.400839208,0.003394844,0.595765948,0,0,2,1
0.400674051,0.386818995,0.212506954,0,0,1,2
0.400279969,0.160634089,0.439085943,1,0,2,2
0.399831778,0.493250732,0.10691749,1,0,2,2
0.399781317,0.100066559,0.500152124,0,0,1,2
0.399237147,0.258566278,0.342196575,1,0,2,1
0.399212769,0.024198821,0.57658841,0,0,2,1
0.398996117,0.446742677,0.154261206,0,0,1,1
0.398808113,0.530646348,0.070545539,0,0,1,1
0.398612994,0.389052273,0.212334732,1,0,1,1
0.398230752,0.274191904,0.327577344,1,0,2,1
0.398050722,0.422992532,0.178956746,1,0,2,2
0.398012589,0.513610943,0.088376468,0,0,1,1
0.397934851,0.592003815,0.010061334,0,0,1,2
0.397571123,0.016161347,0.58626753,0,0,2,2
0.397248743,0.441041717,0.161709539,0,0,2,2
0.396194717,0.591303546,0.012501737,0,0,2,1
0.395392043,0.355930467,0.248677491,0,0,2,2
0.394184268,0.105773686,0.500042046,0,0,2,1
0.392919267,0.057305319,0.549775414,0,0,2,1
0.392374407,0.33095369,0.276671902,0,0,1,1
0.391960705,0.216804247,0.391235048,1,0,1,2
0.391770453,0.527604409,0.080625138,1,0,1,1
0.391507466,0.345297816,0.263194718,1,0,2,2
0.391361765,0.543691624,0.064946611,0,0,1,1
0.391153728,0.014175322,0.59467095,1,0,2,2
0.390767256,0.18892693,0.420305813,1,0,2,1
0.390616147,0.220900024,0.388483829,0,0,1,1
0.390292671,0.064196745,0.545510585,0,0,2,2
0.390277862,0.409657319,0.200064818,1,0,1,1
0.389244441,0.602086762,0.008668797,0,0,2,1
0.388555019,0.37219417,0.239250811,1,0,1,2
0.387182961,0.247714306,0.365102734,0,0,2,2
0.386483824,0.11158819,0.501927985,1,0,1,1
0.386326655,0.466693284,0.146980061,1,0,2,2
0.385891051,0.335870939,0.278238009,0,0,1,2
0.385887035,0.184894899,0.429218066,1,0,2,1
0.385874924,0.255051383,0.359073693,0,0,1,1
0.385700535,0.410399106,0.20390036,1,0,2,2
0.385559702,0.022743418,0.591696881,1,0,2,2
0.385512394,0.362011461,0.252476145,0,0,1,2
0.384985537,0.044036984,0.570977479,0,0,1,1
0.38480192,0.343480658,0.271717421,1,0,2,2
0.384685493,0.479310104,0.136004403,0,0,1,1
0.384562225,0.223415707,0.392022069,1,0,1,2
0.38413681,0.545920288,0.069942902,0,0,1,1
0.384061425,0.39125634,0.224682236,0,0,1,2
0.383881576,0.197776948,0.418341476,0,0,2,1
0.383804322,0.019941485,0.596254193,0,0,2,1
0.383591478,0.246591283,0.369817238,1,0,2,1
0.38311617,0.61300198,0.00388185,0,0,1,2
0.382895482,0.497702226,0.119402291,1,0,2,2
0.382169339,0.033165235,0.584665426,1,0,1,2
0.381653397,0.575303344,0.043043258,0,0,2,1
0.381002931,0.022665463,0.596331606,0,0,1,2
0.380684536,0.04256021,0.576755254,0,0,2,1
0.380376004,0.03790652,0.581717477,0,0,1,1
0.380256002,0.323231706,0.296512292,0,0,1,2
0.38010154,0.142894116,0.477004343,1,0,2,2
0.380062315,0.22904406,0.390893625,1,0,1,2
0.37882573,0.605355411,0.015818858,0,0,1,1
0.3784555,0.038594927,0.582949574,0,0,1,2
0.377864792,0.280827493,0.341307715,1,0,2,1
0.376202056,0.498044505,0.125753439,1,0,2,1
0.375819094,0.528849788,0.095331118,1,0,1,1
0.375296065,0.488371066,0.136332869,0,0,1,2
0.375236221,0.467673095,0.157090684,0,0,2,1
0.375162022,0.096924275,0.527913703,1,0,1,2
0.375012593,0.266006599,0.358980808,1,0,1,2
0.374993015,0.116064819,0.508942166,1,0,1,2
0.374816933,0.142208203,0.482974864,0,0,1,2
0.374265576,0.222017511,0.403716912,1,0,2,1
0.373695291,0.268357059,0.35794765,0,0,1,1
0.373373649,0.00989616,0.616730191,0,0,2,1
0.373251515,0.337721581,0.289026905,0,0,2,1
0.371974043,0.220387515,0.407638443,1,0,1,1
0.370984453,0.422616218,0.20639933,1,0,2,1
0.370880228,0.4511299,0.177989872,0,0,2,2
0.370719417,0.094551519,0.534729064,0,0,2,2
0.370621308,0.397079558,0.232299134,0,0,2,1
0.370209764,0.447279626,0.182510611,1,0,1,2
0.370137506,0.462776164,0.16708633,0,0,2,2
0.370052847,0.037737556,0.592209597,0,0,1,1
0.369455268,0.251529585,0.379015146,0,0,2,2
0.369419655,0.247311674,0.383268671,1,0,2,1
0.369274608,0.210979699,0.419745693,1,0,2,2
0.369264555,0.39005694,0.240678505,0,0,2,2
0.369033029,0.525521094,0.105445877,1,0,2,2
0.368933717,0.131626397,0.499439886,0,0,1,2
0.36793975,0.480494589,0.15156566,0,0,2,1
0.367707332,0.14518381,0.487108858,0,0,1,1
0.367332588,0.352103112,0.2805643,1,0,2,2
0.367331056,0.343823592,0.288845352,0,0,2,2
0.367081417,0.220688546,0.412230037,1,0,2,1
0.36671785,0.603080478,0.030201672,1,0,1,1
0.365566149,0.334276695,0.300157155,0,0,1,1
0.36552067,0.290408106,0.344071225,0,0,1,1
0.365327726,0.23051825,0.404154024,0,0,1,1
0.36529247,0.62721325,0.007494281,1,0,1,2
0.365140963,0.326872006,0.307987031,0,0,1,1
0.365115559,0.422904354,0.211980088,1,0,1,2
0.364977418,0.423459085,0.211563497,1,0,2,2
0.364917443,0.448279256,0.186803301,1,0,2,2
0.364553994,0.298179822,0.337266185,0,0,1,2
0.364473957,0.32186091,0.313665133,0,0,2,1
0.364306297,0.309517208,0.326176495,0,0,1,1
0.363606233,0.591337163,0.045056604,0,0,1,1
0.363192109,0.588906661,0.04790123,1,0,1,2
0.36315059,0.068954445,0.567894965,1,0,2,2
0.362608205,0.361508263,0.275883531,0,0,2,1
0.362278816,0.14116014,0.496561044,1,0,2,1
0.361901205,0.507934557,0.130164238,1,0,1,2
0.361884297,0.323282721,0.314832982,0,0,1,2
0.361389327,0.213851043,0.424759631,1,0,1,2
0.360698945,0.576485108,0.062815947,0,0,1,1
0.358354901,0.578996074,0.062649025,1,0,2,2
0.357346237,0.313519843,0.32913392,0,0,1,2
0.35695411,0.393818932,0.249226958,1,0,1,2
0.356395782,0.351698974,0.291905244,1,0,2,1
0.356234239,0.540279487,0.103486274,1,0,1,1
0.356064668,0.337795364,0.306139969,1,0,1,1
0.356051205,0.639999403,0.003949392,1,0,1,1
0.355685192,0.341435869,0.302878939,1,0,1,2
0.354700674,0.541449093,0.103850233,1,0,1,2
0.354374218,0.115174834,0.530450948,1,0,1,2
0.354091989,0.307361029,0.338546982,1,0,2,2
0.353622745,0.022655333,0.623721922,0,0,1,1
0.35320522,0.537493471,0.109301309,0,0,1,1
0.352549053,0.526235454,0.121215492,1,0,1,2
0.352187489,0.243282831,0.40452968,0,0,2,2
0.351668815,0.205568901,0.442762284,0,0,1,1
0.351449314,0.093403367,0.555147319,0,0,2,2
0.351000027,0.27127889,0.377721082,1,0,2,1
0.349531825,0.08086307,0.569605105,0,0,1,1
0.348997393,0.342509059,0.308493548,0,0,2,1
0.348940282,0.120544098,0.53051562,0,0,2,2
0.348620394,0.615025078,0.036354528,0,0,1,2
0.348101485,0.064686184,0.587212331,1,0,1,2
0.347899883,0.271388552,0.380711565,0,0,2,2
0.347829767,0.307095599,0.345074634,1,0,2,1
0.347610536,0.149419834,0.502969629,0,0,1,2
0.347365156,0.040717961,0.611916883,0,0,2,1
0.347099654,0.183174443,0.469725903,1,0,1,1
0.346868443,0.425248334,0.227883223,1,0,1,1
0.346659586,0.503715876,0.149624538,1,0,1,1
0.346532482,0.245091469,0.408376049,0,0,2,2
0.346092739,0.550207327,0.103699934,0,0,2,1
0.345622938,0.498496137,0.155880925,1,0,1,2
0.345391762,0.579894215,0.074714023,1,0,1,2
0.345237579,0.188070462,0.466691959,0,0,1,1
0.345213111,0.279788192,0.374998697,0,0,1,2
0.345195686,0.347510909,0.307293405,0,0,1,1
0.345066655,0.279942739,0.374990606,1,0,2,2
0.345009547,0.439417453,0.215573,1,0,1,1
0.344736221,0.049533656,0.605730123,0,0,1,1
0.344383326,0.486847455,0.168769219,0,0,1,2
0.344383136,0.143893425,0.51172344,1,0,2,2
0.344120014,0.633630829,0.022249157,1,0,2,2
0.343703026,0.303352367,0.352944607,0,0,1,1
0.343648755,0.108999417,0.547351828,0,0,2,1
0.343586162,0.604193298,0.05222054,0,0,1,2
0.342712383,0.362994527,0.29429309,0,0,2,1
0.342281611,0.286169236,0.371549153,1,0,1,2
0.341933253,0.068651476,0.589415271,0,0,2,2
0.341693081,0.020458004,0.637848916,1,0,1,1
0.341350652,0.273584213,0.385065135,0,0,2,2
0.341196626,0.45863894,0.200164435,0,0,1,2
0.341132578,0.620404645,0.038462777,0,0,1,1
0.341109967,0.31570045,0.343189584,1,0,1,1
0.34072009,0.286419737,0.372860173,0,0,2,1
0.340565738,0.488569206,0.170865056,1,0,1,2
0.34041303,0.199139668,0.460447302,1,0,2,2
0.339983417,0.610360755,0.049655829,1,0,2,1
0.339293225,0.164574817,0.496131958,0,0,2,2
0.338996408,0.028084952,0.632918641,0,0,1,1
0.338938393,0.275436684,0.385624923,1,0,2,2
0.338429302,0.340762937,0.320807761,1,0,1,1
0.338176481,0.633264203,0.028559317,1,0,1,1
0.337248717,0.43138851,0.231362773,0,0,2,1
0.336945851,0.404800276,0.258253873,1,0,1,2
0.336924154,0.202659102,0.460416744,1,0,1,1
0.336903106,0.431953516,0.231143378,1,0,2,2
0.336774428,0.348100407,0.315125165,0,0,2,1
0.336627501,0.378973325,0.284399174,0,0,2,2
0.336622186,0.246528551,0.416849263,0,0,1,1
0.336566231,0.135707428,0.527726341,1,0,1,2
0.336516489,0.460929736,0.202553775,0,0,2,2
0.335915539,0.311703746,0.352380715,0,0,2,2
0.335676816,0.507906384,0.1564168,0,0,2,2
0.335628747,0.383334411,0.281036842,0,0,2,2
0.335279737,0.257641057,0.407079206,0,0,2,1
0.334644211,0.647018259,0.01833753,1,0,2,2
0.334084587,0.024613017,0.641302396,1,0,2,2
0.333925199,0.114361185,0.551713617,1,0,2,2
0.333556036,0.024287862,0.642156103,1,0,2,1
0.332880892,0.007179791,0.659939317,0,0,1,1
0.332256238,0.197412193,0.470331568,1,0,2,2
0.331102189,0.557780271,0.11111754,0,0,2,2
0.330967292,0.43274667,0.236286038,1,0,1,1
0.330638515,0.465820444,0.203541041,0,0,1,2
0.33046365,0.564068878,0.105467471,0,0,2,1
0.330243701,0.620187082,0.049569217,0,0,1,2
0.329765819,0.055638892,0.614595288,1,0,2,1
0.329560641,0.240337275,0.430102084,0,0,1,1
0.32933914,0.624674653,0.045986206,1,0,1,2
0.329201118,0.221707289,0.449091593,1,0,1,1
0.329098202,0.113633886,0.557267912,1,0,1,2
0.327945105,0.660924379,0.011130516,0,0,1,1
0.327751201,0.452521355,0.219727444,1,0,2,2
0.326240507,0.336179619,0.337579873,0,0,2,2
0.32604693,0.216626738,0.457326332,0,0,1,1
0.326032012,0.395801087,0.278166901,0,0,2,2
0.325848112,0.514483507,0.159668381,1,0,2,2
0.325427101,0.621398442,0.053174457,0,0,1,1
0.325157519,0.144735521,0.53010696,1,0,1,2
0.32496717,0.635792259,0.039240571,1,0,2,2
0.324826235,0.22633857,0.448835196,0,0,2,2
0.324652501,0.253260519,0.42208698,0,0,2,2
0.324488724,0.509023211,0.166488066,1,0,2,1
0.324069026,0.358114095,0.317816879,0,0,1,1
0.323804729,0.210406846,0.465788425,1,0,2,1
0.323156907,0.470803933,0.20603916,1,0,1,1
0.323044438,0.286316879,0.390638683,0,0,1,2
0.322972937,0.047989088,0.629037975,1,0,2,2
0.322947258,0.622661523,0.054391219,1,0,2,1
0.320408729,0.220101217,0.459490053,0,0,1,1
0.320138121,0.662484578,0.017377301,1,0,2,2
0.320006203,0.030387206,0.649606591,1,0,2,1
0.319737896,0.357329191,0.322932914,1,0,2,1
0.319597131,0.337437363,0.342965506,1,0,2,1
0.319494906,0.473108118,0.207396977,0,0,2,1
0.319462106,0.087290653,0.593247241,1,0,2,1
0.319236487,0.311455283,0.36930823,0,0,2,1
0.318500686,0.18146911,0.500030204,1,0,1,2
0.318346803,0.131478413,0.550174784,0,0,2,2
0.316839595,0.562031877,0.121128528,0,0,2,1
0.316075646,0.081903163,0.602021191,1,0,1,1
0.316051621,0.329288831,0.354659548,1,0,1,2
0.316013019,0.621065552,0.062921429,0,0,2,2
0.315608273,0.274021976,0.410369751,0,0,1,2
0.315547001,0.671074316,0.013378683,1,0,1,1
0.315206907,0.171072448,0.513720645,1,0,2,2
0.315199521,0.472065995,0.212734484,1,0,2,1
0.315028984,0.337698761,0.347272255,0,0,2,2
0.314239902,0.416631861,0.269128236,0,0,1,1
0.314097221,0.016266529,0.669636249,0,0,2,2
0.313625837,0.321529067,0.364845096,0,0,1,2
0.312769345,0.237862172,0.449368483,0,0,2,2
0.312753437,0.12377009,0.563476474,0,0,1,2
0.311948706,0.420111818,0.267939475,0,0,2,2
0.311554444,0.4466204,0.241825156,0,0,1,1
0.310996315,0.312029429,0.376974256,0,0,1,2
0.310424426,0.179242637,0.510332937,0,0,1,2
0.310295064,0.153225048,0.536479887,0,0,2,1
0.309902226,0.644505798,0.045591976,0,0,1,2
0.30978176,0.137437246,0.552780994,1,0,2,1
0.308846758,0.321530614,0.369622628,0,0,2,2
0.308304492,0.48897108,0.202724429,1,0,2,2
0.308016327,0.541126523,0.15085715,0,0,1,1
0.307685466,0.660597345,0.031717189,1,0,1,1
0.307544359,0.015392764,0.677062877,1,0,1,1
0.306568152,0.288290297,0.405141551,0,0,1,2
0.306127182,0.024745437,0.66912738,0,0,1,2
0.305515695,0.458274374,0.236209931,1,0,1,2
0.305036046,0.625309601,0.069654352,0,0,1,2
0.304571739,0.030155076,0.665273185,0,0,2,1
0.304532789,0.368976189,0.326491022,1,0,2,1
0.304300535,0.099880844,0.595818621,1,0,1,1
0.303717992,0.543209861,0.153072147,1,0,2,2
0.303065791,0.567762209,0.129172,0,0,2,1
0.302551822,0.324040409,0.37340777,0,0,1,1
0.302405021,0.196437447,0.501157532,1,0,2,1
0.301545922,0.350639772,0.347814306,0,0,2,2
0.301537202,0.668324506,0.030138291,0,0,1,2
0.300978631,0.562484608,0.136536762,0,0,2,2
0.300122579,0.083028287,0.616849134,0,0,1,1
0.29964017,0.179585371,0.520774459,1,0,1,2
0.299547587,0.101737725,0.598714688,1,0,1,2
0.298562678,0.674797482,0.02663984,0,0,1,1
0.298417925,0.521040925,0.18054115,0,0,1,2
0.298328383,0.167138766,0.534532852,1,0,1,2
0.298292286,0.200061115,0.501646599,0,0,1,1
0.298193069,0.122483432,0.579323499,1,0,1,1
0.297630243,0.69849412,0.003875636,1,0,2,1
0.297478385,0.191832421,0.510689194,0,0,1,2
0.297408568,0.160678119,0.541913313,1,0,1,2
0.296653414,0.567731538,0.135615048,0,0,1,1
0.296570739,0.064371132,0.63905813,0,0,2,2
0.295739036,0.151323535,0.552937429,1,0,2,2
0.295719178,0.457389139,0.246891683,1,0,1,2
0.295523292,0.659753036,0.044723671,0,0,1,1
0.295295115,0.316364828,0.388340057,1,0,2,1
0.295050896,0.328241231,0.376707873,0,0,2,2
0.294668525,0.403551978,0.301779496,0,0,1,2
0.294281794,0.694791024,0.010927182,0,0,1,2
0.293893929,0.622602212,0.083503859,1,0,2,1
0.293578497,0.182828129,0.523593374,1,0,1,2
0.293487096,0.112761785,0.593751119,0,0,1,2
0.293246272,0.654147503,0.052606225,0,0,2,1
0.293198992,0.271844862,0.434956146,0,0,2,2
0.292957159,0.142978086,0.564064756,1,0,2,1
0.292930606,0.366388513,0.340680881,0,0,2,2
0.292722006,0.382886355,0.324391639,1,0,1,2
0.292310782,0.688547202,0.019142016,0,0,2,2
0.292268991,0.452137087,0.255593921,0,0,2,2
0.291843336,0.44541902,0.262737644,0,0,2,1
0.291174643,0.50312431,0.205701046,1,0,2,1
0.29091431,0.312836821,0.39624887,1,0,1,1
0.290314749,0.549476794,0.160208457,1,0,1,2
0.290278608,0.393394384,0.316327008,1,0,2,1
0.290071253,0.000351701,0.709577046,1,0,1,1
0.28944667,0.671457188,0.039096142,1,0,1,1
0.288358822,0.259457043,0.452184135,1,0,1,2
0.288307689,0.305972683,0.405719628,0,0,1,1
0.288190359,0.618918208,0.092891433,1,0,1,1
0.287395634,0.703840975,0.008763391,0,0,2,2
0.28723259,0.038200317,0.674567093,1,0,1,2
0.28722749,0.257989403,0.454783107,0,0,1,1
0.286711579,0.200938726,0.512349695,1,0,1,1
0.286707013,0.493404476,0.219888512,0,0,2,1
0.285067601,0.01203762,0.70289478,1,0,2,2
0.28475726,0.060105843,0.655136897,0,0,1,2
0.284373175,0.028696424,0.686930402,1,0,2,1
0.284347399,0.43088289,0.284769712,1,0,2,2
0.284078596,0.050922144,0.664999261,1,0,2,1
0.283772278,0.669922579,0.046305142,0,0,1,1
0.28344377,0.252318275,0.464237955,1,0,1,2
0.283261553,0.71252623,0.004212216,1,0,1,2
0.282904233,0.219883301,0.497212466,1,0,2,2
0.282741175,0.376919644,0.340339181,0,0,2,2
0.281690715,0.202210964,0.51609832,1,0,2,1
0.281678708,0.119432176,0.598889115,1,0,1,2
0.281663362,0.591423139,0.126913499,0,0,2,1
0.281661072,0.154121013,0.564217915,0,0,1,2
0.281512639,0.585244628,0.133242732,0,0,2,1
0.281445357,0.657435728,0.061118914,0,0,1,1
0.281433142,0.397627945,0.320938913,0,0,2,2
0.281242586,0.615152134,0.10360528,0,0,1,2
0.28118177,0.216101044,0.502717185,0,0,1,1
0.280953629,0.022198177,0.696848195,1,0,2,2
0.280661108,0.565141964,0.154196929,0,0,1,1
0.280252844,0.69177369,0.027973466,0,0,2,2
0.279954706,0.405336296,0.314708998,0,0,1,1
0.27977067,0.32193875,0.398290579,1,0,1,2
0.279498208,0.359828786,0.360673006,0,0,1,1
0.278941974,0.669812009,0.051246017,1,0,1,2
0.278681615,0.341654036,0.379664348,1,0,2,1
0.278549403,0.183287797,0.5381628,1,0,1,1
0.2781385,0.160586805,0.561274695,1,0,2,2
0.277104297,0.171369095,0.551526608,1,0,1,1
0.276730345,0.005068815,0.718200841,0,0,2,1
0.274688509,0.117923894,0.607387597,1,0,1,2
0.274636195,0.002359588,0.723004217,0,0,2,2
0.273780595,0.109602436,0.616616969,1,0,2,2
0.273592332,0.525859497,0.200548172,0,0,1,1
0.273580316,0.140635146,0.585784538,0,0,2,1
0.273539535,0.555942239,0.170518225,0,0,1,2
0.273478518,0.699079458,0.027442024,0,0,2,2
0.272364971,0.175273721,0.552361308,0,0,2,1
0.271926998,0.676155766,0.051917236,1,0,1,1
0.271867304,0.46448421,0.263648486,1,0,1,2
0.270440291,0.166784231,0.562775478,1,0,2,1
0.270416545,0.024039817,0.705543638,0,0,2,2
0.270351863,0.434429769,0.295218368,0,0,2,1
0.270305446,0.7134363,0.016258254,0,0,2,2
0.269670151,0.44293763,0.287392219,1,0,2,2
0.269499954,0.590481426,0.14001862,1,0,1,1
0.268687736,0.501059126,0.230253138,0,0,1,1
0.268385945,0.150856752,0.580757303,0,0,2,1
0.268066855,0.098503904,0.633429241,0,0,1,2
0.267781838,0.196423209,0.535794953,1,0,2,1
0.267566183,0.437154068,0.295279749,1,0,1,2
0.267006927,0.385482271,0.347510802,0,0,2,1
0.265733373,0.59999484,0.134271787,1,0,2,2
0.265669874,0.255807376,0.478522751,0,0,2,2
0.265373295,0.292010287,0.442616418,1,0,1,2
0.265159119,0.27416963,0.460671251,0,0,1,2
0.264934454,0.456084372,0.278981174,1,0,1,1
0.264901959,0.21930186,0.515796181,0,0,1,1
0.264651549,0.438511861,0.29683659,1,0,1,2
0.26454557,0.034435486,0.701018944,0,0,1,1
0.264054597,0.457950105,0.277995298,0,0,2,1
0.263910418,0.331334229,0.404755354,0,0,2,1
0.263007701,0.113323993,0.623668306,0,0,2,2
0.262905391,0.701788465,0.035306144,1,0,2,2
0.262834603,0.406023042,0.331142354,1,0,1,1
0.262705077,0.025190345,0.712104578,0,0,1,2
0.262429206,0.445409109,0.292161685,0,0,2,2
0.262333639,0.22300037,0.514665991,0,0,2,2
0.26216978,0.423128286,0.314701934,1,0,2,1
0.262065827,0.235710632,0.502223541,1,0,2,2
0.261996523,0.249756396,0.488247081,1,0,1,2
0.261720429,0.314730936,0.423548635,0,0,1,2
0.260912155,0.089953806,0.649134039,1,0,1,1
0.260641789,0.078226103,0.661132108,1,0,2,1
0.260580068,0.699750233,0.039669699,0,0,2,2
0.260410307,0.72632584,0.013263853,1,0,1,1
0.259868189,0.346359499,0.393772313,1,0,2,1
0.259540399,0.159218281,0.58124132,1,0,2,2
0.259525324,0.649350657,0.091124019,0,0,1,1
0.259357283,0.568472869,0.172169848,1,0,2,1
0.259314326,0.648219361,0.092466313,1,0,2,2
0.258841958,0.279467796,0.461690246,0,0,2,1
0.258200369,0.321546742,0.420252889,1,0,2,2
0.258122514,0.383002201,0.358875285,0,0,2,1
0.258038793,0.126632562,0.615328645,1,0,1,2
0.257785962,0.613418042,0.128795997,0,0,2,2
0.257576268,0.201803447,0.540620285,0,0,2,2
0.257258202,0.040278026,0.702463773,1,0,1,2
0.257192111,0.651599429,0.09120846,1,0,1,2
0.256878423,0.296922332,0.446199245,0,0,1,1
0.255788583,0.365333,0.378878416,1,0,1,1
0.255614252,0.491834748,0.252550999,1,0,2,2
0.254195974,0.392700586,0.35310344,1,0,1,2
0.253254331,0.187242407,0.559503262,1,0,1,2
0.253204839,0.640498399,0.106296762,1,0,1,2
0.252897453,0.560793071,0.186309475,1,0,1,2
0.251847404,0.580119147,0.168033449,1,0,1,1
0.251842908,0.619046023,0.129111069,0,0,1,1
0.251701043,0.301160991,0.447137966,0,0,2,1
0.251637705,0.221042307,0.527319987,1,0,1,1
0.250901483,0.014572858,0.734525659,1,0,1,1
0.250709176,0.095815867,0.653474957,1,0,2,1
0.250564039,0.013361287,0.736074674,0,0,1,1
0.250105315,0.492482149,0.257412536,0,0,1,1
0.249795455,0.168394996,0.581809549,0,0,2,1
0.24973285,0.628125646,0.122141504,1,0,1,1
0.248913376,0.283634,0.467452624,0,0,1,2
0.248546172,0.498819985,0.252633844,1,0,1,1
0.248539045,0.051271339,0.700189616,1,0,2,1
0.248530253,0.394332404,0.357137343,0,0,1,2
0.248511643,0.58336925,0.168119107,1,0,2,1
0.248356824,0.008966915,0.74267626,1,0,1,1
0.247808024,0.247867555,0.504324421,1,0,1,1
0.247805552,0.076195711,0.675998737,1,0,1,1
0.247494863,0.588060999,0.164444138,0,0,2,1
0.247256504,0.359137005,0.393606492,1,0,1,1
0.246434985,0.484825888,0.268739128,0,0,1,2
0.244978595,0.420110168,0.334911237,1,0,2,1
0.24476269,0.70078628,0.054451029,1,0,2,1
0.2446267,0.632615879,0.122757421,0,0,1,1
0.244545999,0.255357412,0.500096589,1,0,2,1
0.244523126,0.098503982,0.656972892,0,0,1,2
0.244329968,0.103122463,0.65254757,0,0,1,2
0.243708312,0.572142889,0.184148799,1,0,1,2
0.243358999,0.670280343,0.086360658,1,0,1,1
0.243204607,0.473246945,0.283548448,1,0,1,1
0.243161839,0.0523802,0.704457961,1,0,1,1
0.243027568,0.639911666,0.117060766,1,0,2,2
0.242934071,0.034949007,0.722116922,0,0,2,2
0.242631592,0.460267327,0.297101081,1,0,2,1
0.241018945,0.122934632,0.636046422,0,0,1,1
0.240929912,0.069398211,0.689671877,0,0,1,2
0.240927016,0.446881956,0.312191027,0,0,1,2
0.240856987,0.435193406,0.323949607,0,0,1,2
0.240639687,0.064444879,0.694915434,1,0,2,2
0.240372995,0.630975398,0.128651608,1,0,2,2
0.240026842,0.187510374,0.572462783,0,0,2,1
0.240015772,0.237282544,0.522701684,0,0,1,2
0.240003072,0.461664784,0.298332143,0,0,1,1
0.239844675,0.457453084,0.302702241,0,0,2,2
0.239709494,0.397226082,0.363064424,1,0,2,1
0.239401787,0.676235995,0.084362218,1,0,1,2
0.238682022,0.32713539,0.434182588,1,0,1,2
0.238386556,0.732007104,0.029606339,1,0,2,2
0.238364943,0.518481574,0.243153483,0,0,2,1
0.238339985,0.512452013,0.249208002,1,0,2,1
0.237935198,0.32858945,0.433475352,0,0,1,1
0.237682073,0.192737809,0.569580118,0,0,2,1
0.23709502,0.705361558,0.057543421,0,0,1,1
0.236865137,0.177406334,0.585728528,0,0,1,1
0.236852105,0.003571962,0.759575933,1,0,2,1
0.236654666,0.327956255,0.435389079,0,0,1,1
0.236647957,0.701915852,0.061436191,0,0,2,2
0.236447489,0.220935191,0.54261732,0,0,1,1
0.236339452,0.097640975,0.666019574,0,0,2,1
0.236235593,0.201871121,0.561893286,0,0,1,2
0.235995751,0.687978582,0.076025667,1,0,2,1
0.235841888,0.392497822,0.371660291,1,0,2,2
0.235662549,0.511567586,0.252769865,0,0,1,2
0.235414849,0.191267128,0.573318023,0,0,2,1
0.235292854,0.119641097,0.645066049,1,0,2,1
0.235233116,0.188404799,0.576362084,1,0,1,2
0.235139748,0.496755209,0.268105043,0,0,2,1
0.234701969,0.73576481,0.029533221,1,0,1,2
0.234654179,0.086453398,0.678892423,1,0,2,1
0.23464057,0.509975287,0.255384143,0,0,2,1
0.233908108,0.454971193,0.311120699,1,0,2,2
0.233899489,0.060593617,0.705506895,1,0,2,1
0.232930168,0.155574908,0.611494924,1,0,1,1
0.232594017,0.023997324,0.743408659,1,0,1,1
0.232560241,0.265364344,0.502075414,0,0,1,1
0.230913356,0.447404273,0.321682371,1,0,2,2
0.230841361,0.685458741,0.083699898,1,0,1,1
0.230551399,0.018121435,0.751327165,0,0,1,2
0.230190214,0.565512645,0.204297141,0,0,1,2
0.229712403,0.155785663,0.614501933,1,0,2,1
0.229632275,0.086769869,0.683597856,0,0,2,1
0.229571351,0.188343419,0.58208523,0,0,1,1
0.228960469,0.2700606,0.500978931,1,0,1,1
0.228929362,0.077379461,0.693691177,1,0,2,2
0.228823267,0.709578241,0.061598493,1,0,1,1
0.228675952,0.447931324,0.323392724,0,0,2,1
0.228565272,0.101657415,0.669777313,0,0,1,1
0.228220095,0.39030237,0.381477535,0,0,2,2
0.227986034,0.105433982,0.666579984,1,0,2,1
0.227908814,0.489674574,0.282416612,0,0,1,1
0.227873728,0.465102465,0.307023807,0,0,2,1
0.227853664,0.500431485,0.271714851,1,0,2,1
0.227675451,0.115443007,0.656881542,1,0,1,1
0.227630113,0.631681281,0.140688606,1,0,1,1
0.227625583,0.42288941,0.349485007,0,0,2,1
0.227557883,0.511951785,0.260490332,1,0,1,2
0.227300862,0.093644479,0.679054659,1,0,2,1
0.226557198,0.47489837,0.298544431,0,0,2,1
0.226483971,0.135367927,0.638148101,1,0,1,1
0.226481357,0.773434729,8.39E-05,1,0,1,1
0.226321698,0.273592778,0.500085524,0,0,2,1
0.226168986,0.210656066,0.563174948,1,0,1,1
0.225963373,0.475549119,0.298487508,0,0,1,1
0.225521741,0.349589718,0.424888541,1,0,1,1
0.224970147,0.360508882,0.414520971,0,0,2,1
0.224626201,0.186184309,0.589189491,0,0,2,2
0.224312175,0.443185605,0.33250222,1,0,1,1
0.223951314,0.250307528,0.525741158,1,0,2,1
0.223799202,0.066462602,0.709738195,1,0,2,1
0.223705787,0.269295436,0.506998777,0,0,2,1
0.2224082,0.634362733,0.143229067,0,0,1,1
0.222249847,0.584677011,0.193073142,0,0,2,2
0.222033967,0.710184199,0.067781834,1,0,2,1
0.222022135,0.142374787,0.635603078,1,0,1,1
0.221531631,0.123849389,0.65461898,1,0,2,1
0.221275434,0.722397289,0.056327277,1,0,2,1
0.220749119,0.49813356,0.281117321,1,0,1,1
0.22060917,0.717202104,0.062188726,0,0,1,2
0.220372855,0.069125397,0.710501748,1,0,1,1
0.220257735,0.032452949,0.747289316,0,0,1,1
0.220183687,0.039584369,0.740231944,0,0,1,1
0.219805094,0.345539458,0.434655448,0,0,2,2
0.219719912,0.64168501,0.138595078,1,0,1,1
0.219009874,0.133359354,0.647630772,0,0,2,1
0.218998258,0.605796341,0.175205402,1,0,2,1
0.218668645,0.406274175,0.37505718,0,0,1,2
0.218559218,0.053931395,0.727509387,0,0,2,2
0.218122044,0.729186381,0.052691574,0,0,2,2
0.218056735,0.647596775,0.13434649,0,0,1,1
0.217992165,0.215840533,0.566167302,1,0,2,1
0.21765334,0.373932479,0.408414181,0,0,2,1
0.217386912,0.531099933,0.251513155,1,0,2,1
0.217011154,0.141505843,0.641483003,0,0,2,1
0.216450899,0.705837951,0.07771115,0,0,1,1
0.216352725,0.374952268,0.408695007,0,0,1,1
0.215956957,0.321586182,0.462456861,0,0,1,2
0.215803493,0.487051537,0.29714497,1,0,1,2
0.215718231,0.217816449,0.56646532,1,0,2,1
0.215709632,0.073865615,0.710424753,0,0,2,1
0.215577638,0.036298748,0.748123614,0,0,1,2
0.215401606,0.33294367,0.451654724,0,0,1,2
0.214748834,0.210779593,0.574471573,1,0,2,2
0.214678156,0.254713042,0.530608802,0,0,2,2
0.214533351,0.501541702,0.283924948,1,0,2,2
0.214385708,0.392667572,0.392946719,1,0,1,1
0.214063223,0.02908727,0.756849507,1,0,1,1
0.213352122,0.045949025,0.740698853,1,0,1,1
0.212821152,0.513033398,0.274145451,1,0,2,2
0.212480273,0.704526322,0.082993405,1,0,1,2
0.212478971,0.302383511,0.485137519,1,0,1,2
0.211978365,0.378908094,0.409113541,0,0,1,2
0.211696074,0.560495808,0.227808119,0,0,2,2
0.211621821,0.468241392,0.320136787,0,0,1,1
0.211604142,0.646644026,0.141751832,0,0,2,1
0.211119331,0.163830295,0.625050374,0,0,1,1
0.210740976,0.392058577,0.397200447,1,0,1,2
0.210616639,0.098603027,0.690780333,0,0,2,2
0.210423458,0.425217493,0.364359049,0,0,1,1
0.210224609,0.365795243,0.423980148,1,0,2,1
0.209255655,0.505891811,0.284852533,0,0,2,3
0.20787101,0.63317736,0.15895163,1,0,2,3
0.207642896,0.1837715,0.608585604,1,1,0,2
0.207508831,0.493715393,0.298775775,1,1,1,3
0.207258186,0.612380045,0.180361769,0,1,0,3
0.206489097,0.093409581,0.700101322,1,0,1,3
0.206436564,0.690386016,0.10317742,0,0,1,1
0.206410999,0.33751123,0.45607777,0,1,2,3
0.206228907,0.056305408,0.737465684,0,0,0,1
0.206156987,0.094829107,0.699013906,1,0,0,3
0.205863115,0.725835931,0.068300954,1,1,1,1
0.204506188,0.480059519,0.315434292,1,1,2,1
0.203297698,0.244408469,0.552293833,0,1,1,2
0.202867326,0.368404495,0.428728179,0,1,0,2
0.202476875,0.475619149,0.321903976,0,0,1,2
0.202325808,0.722352746,0.075321446,0,0,2,1
0.20222081,0.755992842,0.041786348,0,0,1,2
0.201082871,0.718461848,0.080455281,0,0,0,3
0.200085765,0.629661309,0.170252926,1,1,0,3
0.199725896,0.311468109,0.488805995,1,0,2,1
0.199569068,0.111255613,0.689175319,1,0,0,3
0.198848713,0.613500494,0.187650793,1,0,1,1
0.198684079,0.148359803,0.652956118,1,1,0,1
0.19849815,0.754071746,0.047430105,1,0,0,2
0.198435442,0.690288631,0.111275927,0,1,2,3
0.198353063,0.240379842,0.561267095,0,1,1,3
0.198059156,0.762170444,0.0397704,1,0,2,3
0.19804643,0.473823635,0.328129935,0,1,0,1
0.197690647,0.30807712,0.494232233,0,0,1,1
0.197141622,0.672616644,0.130241734,0,0,0,3
0.19681347,0.438810096,0.364376434,0,0,2,1
0.196306439,0.728626493,0.075067068,0,0,0,2
0.195851518,0.346462728,0.457685755,0,0,1,1
0.195811668,0.759899658,0.044288674,0,0,2,2
0.195092769,0.729766036,0.075141196,1,0,0,3
0.194968149,0.171791968,0.633239883,1,1,2,3
0.194871019,0.429771751,0.375357231,0,1,2,3
0.194634697,0.714080743,0.09128456,1,0,0,2
0.194598464,0.786994962,0.018406574,1,1,2,3
0.194340124,0.071858559,0.733801317,0,0,2,3
0.194263619,0.295215814,0.510520567,1,1,0,1
0.193152255,0.211993333,0.594854411,0,0,1,3
0.192968361,0.140090466,0.666941172,1,1,1,1
0.1928105,0.417119624,0.390069876,0,0,2,1
0.19256864,0.063919959,0.743511401,0,1,2,1
0.192216185,0.471155091,0.336628725,0,0,2,1
0.19179614,0.412297646,0.395906213,0,1,1,2
0.191651182,0.313170843,0.495177975,0,0,1,3
0.191613147,0.745983202,0.062403651,1,0,0,3
0.191568451,0.359695114,0.448736435,1,1,2,2
0.191290409,0.456603201,0.35210639,0,1,1,1
0.19107319,0.286600331,0.522326479,1,1,2,1
0.190585269,0.607292808,0.202121922,0,1,2,3
0.190208127,0.172344501,0.637447372,1,0,0,3
0.19001462,0.684234462,0.125750918,0,1,1,3
0.189914918,0.408453801,0.401631281,0,1,2,2
0.189890661,0.359323661,0.450785679,1,0,2,3
0.189825592,0.029378658,0.78079575,1,1,2,1
0.18951644,0.395317595,0.415165965,0,0,1,2
0.189083771,0.408797931,0.402118299,1,1,2,3
0.189066173,0.128362312,0.682571515,0,0,1,1
0.188612458,0.387574686,0.423812856,0,0,0,3
0.188598181,0.461626651,0.349775168,1,0,1,3
0.188595441,0.782478772,0.028925787,1,1,2,2
0.188527619,0.714844006,0.096628375,0,0,2,3
0.187498253,0.70749536,0.105006387,0,0,0,1
0.187337552,0.174760545,0.637901903,1,1,2,2
0.18664995,0.379103303,0.434246747,1,1,0,1
0.186352799,0.666610261,0.14703694,0,1,0,1
0.186175751,0.459359077,0.354465172,0,0,1,1
0.186166038,0.099202314,0.714631648,0,0,1,1
0.185935341,0.197635345,0.616429315,0,0,1,1
0.185279345,0.6439895,0.170731155,0,1,0,1
0.185096106,0.56532875,0.249575144,0,0,1,1
0.185066893,0.581387043,0.233546064,0,1,0,1
0.184787588,0.342964276,0.472248136,0,1,0,1
0.184627817,0.704877592,0.110494591,0,0,1,1
0.184527806,0.08737259,0.728099605,0,1,1,1
0.184092547,0.183837341,0.632070112,0,0,0,1
0.183592981,0.689887999,0.12651902,0,0,1,1
0.183568609,0.728737246,0.087694145,0,1,0,1
0.183306059,0.46193592,0.354758022,0,0,1,1
0.183098871,0.441716637,0.375184492,0,0,0,1
0.182987416,0.302475008,0.514537576,0,0,0,1
0.182949642,0.186874671,0.630175687,0,0,0,1
0.182675071,0.018733214,0.798591715,0,0,1,1
0.182276893,0.112302401,0.705420706,0,0,0,1
0.182122131,0.332358634,0.485519235,0,0,1,1
0.181541281,0.147897695,0.670561024,0,1,1,1
0.180339214,0.188024353,0.631636433,0,1,1,1
0.180242519,0.03237549,0.787381991,0,1,1,1
0.179898526,0.311638939,0.508462535,0,1,1,1
0.179785921,0.140845275,0.679368804,0,0,0,1
0.179785744,0.364919928,0.455294328,0,1,1,1
0.179350573,0.577767481,0.242881946,0,0,0,1
0.17904774,0.042340587,0.778611673,0,1,0,1
0.178997502,0.623012874,0.197989624,0,1,0,1
0.178959747,0.484535719,0.336504534,0,0,0,1
0.178956398,0.061261813,0.759781789,0,1,1,1
0.177842956,0.279492756,0.542664289,0,1,0,1
0.17752422,0.037119507,0.785356273,0,1,1,1
0.177016876,0.252543744,0.57043938,0,1,0,1
0.176899623,0.492032758,0.331067619,0,1,1,1
0.176665198,0.483276466,0.340058336,0,1,0,1
0.176591022,0.029697691,0.793711288,0,0,1,1
0.175607097,0.043933667,0.780459236,0,1,0,1
0.175078904,0.193522761,0.631398335,0,0,0,1
0.17476566,0.234495232,0.590739108,0,1,0,1
0.174765646,0.082197963,0.74303639,0,1,1,1
0.17468828,0.22370531,0.60160641,0,1,0,1
0.174683781,0.419040901,0.406275318,0,0,0,1
0.17456413,0.264824671,0.560611199,0,1,0,1
0.174459261,0.738521936,0.087018803,0,0,1,1
0.174379897,0.187690427,0.637929676,0,0,1,1
0.174136312,0.770200369,0.05566332,0,1,1,1
0.174017379,0.332022545,0.493960076,0,1,0,1
0.173474983,0.514691217,0.3118338,0,1,0,1
0.173062932,0.150620894,0.676316175,0,1,0,1
0.172871454,0.411052535,0.416076011,0,0,1,1
0.172545501,0.68840202,0.139052479,0,1,0,1
0.172112923,0.275860941,0.552026136,0,1,1,1
0.172106638,0.254183065,0.573710297,0,1,0,1
0.171966519,0.643239019,0.184794462,0,1,0,1
0.17184753,0.453889448,0.374263022,0,1,0,1
0.171265697,0.114477114,0.714257189,0,0,0,1
0.170981903,0.106793403,0.722224695,0,1,1,1
0.170467845,0.420694945,0.408837211,0,1,1,1
0.168600937,0.101115929,0.730283134,0,1,0,1
0.167906405,0.338559751,0.493533843,0,0,1,1
0.167802666,0.456423865,0.375773469,0,0,0,1
0.167642116,0.696181016,0.136176869,0,0,1,1
0.167559795,0.270518539,0.561921666,0,1,1,1
0.167412367,0.075427389,0.757160244,0,1,1,1
0.167380778,0.774754673,0.057864549,0,1,0,1
0.166930535,0.390212548,0.442856916,0,1,1,1
0.166889941,0.3007077,0.532402359,0,1,0,1
0.166772336,0.671431808,0.161795856,0,1,1,1
0.166603786,0.20084686,0.632549354,0,0,1,1
0.16632817,0.5533987,0.280273131,0,0,1,1
0.165981749,0.204303266,0.629714985,0,1,1,1
0.165546021,0.688290731,0.146163249,0,1,0,1
0.165131171,0.589541388,0.245327441,0,1,1,1
0.164927894,0.168441241,0.666630865,0,1,1,1
0.164747008,0.229284528,0.605968464,0,1,1,1
0.164061711,0.684339157,0.151599132,0,0,0,1
0.16371564,0.288722292,0.547562068,0,0,1,1
0.163515821,0.255604921,0.580879259,0,1,1,1
0.162706644,0.090944246,0.746349111,0,1,0,1
0.162588812,0.551834662,0.285576526,0,1,1,1
0.162425,0.404967271,0.432607729,0,1,1,1
0.162107168,0.144895625,0.692997208,0,0,0,1
0.161972687,0.467622871,0.370404442,0,1,0,1
0.161491985,0.095340227,0.743167787,0,1,1,1
0.161232677,0.431954032,0.40681329,0,0,1,1
0.161134571,0.114230184,0.724635245,0,1,1,1
0.161044891,0.641472462,0.197482646,0,0,1,1
0.160882656,0.725935075,0.113182268,0,0,0,1
0.160687866,0.579290523,0.260021611,0,1,0,1
0.160408954,0.62105798,0.218533066,0,0,0,1
0.160356395,0.355055542,0.484588062,0,1,1,1
0.160105791,0.047511912,0.792382296,0,1,0,1
0.160002831,0.650899282,0.189097887,0,0,0,1
0.159332544,0.709181002,0.131486454,0,0,0,1
0.159052786,0.680764954,0.16018226,0,0,1,1
0.158949473,0.432472908,0.408577619,0,0,0,1
0.158831271,0.553698341,0.287470388,0,1,1,1
0.157793166,0.492845972,0.349360861,0,1,0,1
0.157750946,0.498075652,0.344173401,0,0,1,1
0.157275672,0.705614516,0.137109812,0,1,0,1
0.157058242,0.275009964,0.567931793,0,0,0,1
0.156400955,0.262565982,0.581033063,0,1,1,1
0.156039826,0.667868508,0.176091666,0,0,1,1
0.155974425,0.755888209,0.088137366,0,0,0,1
0.155951823,0.413399474,0.430648703,0,1,1,1
0.155866425,0.582581204,0.261552371,0,1,0,1
0.155791601,0.484216308,0.359992091,0,0,1,1
0.155513895,0.798936804,0.045549301,0,1,1,1
0.155298401,0.667723974,0.176977625,0,0,1,1
0.15529152,0.08922892,0.75547956,0,1,0,1
0.155037152,0.123387124,0.721575725,0,1,1,1
0.15501419,0.553686357,0.291299453,0,1,0,1
0.154975512,0.158307763,0.686716725,0,0,1,1
0.154843317,0.124966587,0.720190096,0,1,1,1
0.154538452,0.607144028,0.23831752,0,1,0,1
0.154230867,0.067387535,0.778381598,0,1,1,1
0.153579126,0.549446033,0.296974841,0,0,0,1
0.153476024,0.373013651,0.473510325,0,1,0,1
0.153390145,0.379703395,0.46690646,0,1,1,1
0.153278458,0.535842368,0.310879174,0,0,1,1
0.152650591,0.350027493,0.497321916,0,1,0,1
0.152350716,0.768667013,0.078982271,0,0,1,1
0.151550387,0.053963607,0.794486006,0,1,1,1
0.151120876,0.535247271,0.313631853,0,0,0,1
0.151069913,0.087511362,0.761418724,0,0,0,1
0.150869569,0.469236519,0.379893912,0,1,1,1
0.150597696,0.343881342,0.505520962,0,0,1,1
0.149989927,0.087470542,0.76253953,0,0,0,1
0.149761217,0.782030214,0.068208569,0,0,0,1
0.149636952,0.525402979,0.324960069,0,1,0,1
0.149573052,0.765520899,0.084906049,0,1,0,1
0.149557454,0.593757859,0.256684687,0,0,0,1
0.149515535,0.153890667,0.696593798,0,1,1,1
0.149086473,0.157989278,0.692924249,0,1,0,1
0.148922844,0.63755825,0.213518907,0,0,1,1
0.147922443,0.498408512,0.353669045,0,0,0,1
0.147797119,0.429965807,0.422237074,0,0,1,1
0.147344521,0.721002622,0.131652857,0,1,0,1
0.146937414,0.582831083,0.270231504,0,0,1,1
0.146936455,0.605045811,0.248017734,0,0,0,1
0.146750137,0.293680556,0.559569307,0,1,0,1
0.146319405,0.647570104,0.206110491,0,0,1,1
0.145838587,0.612279354,0.241882059,0,0,1,1
0.145789134,0.114978711,0.739232154,0,1,1,1
0.145762106,0.281861112,0.572376782,0,1,1,1
0.145755791,0.59042199,0.263822219,0,1,1,1
0.145699707,0.134494871,0.719805422,0,0,0,1
0.145242394,0.225116375,0.629641231,0,1,1,1
0.144994878,0.631162972,0.22384215,0,0,0,1
0.144773595,0.442619512,0.412606893,0,1,0,1
0.144684524,0.460726902,0.394588574,0,0,1,1
0.144368397,0.217252388,0.638379215,0,0,1,1
0.14433965,0.701488068,0.154172282,0,0,0,1
0.144300407,0.056073753,0.79962584,0,1,0,1
0.144138832,0.289225291,0.566635877,0,0,0,1
0.14404154,0.070338861,0.785619599,0,0,1,1
0.143951602,0.101950994,0.754097404,0,1,1,1
0.143931399,0.783845387,0.072223215,0,0,1,1
0.143900833,0.186442662,0.669656504,0,0,0,1
0.143832621,0.341892795,0.514274584,0,1,1,1
0.143786032,0.517917066,0.338296902,0,1,1,1
0.142436293,0.151785384,0.705778323,0,0,1,1
0.142382367,0.751455435,0.106162198,0,1,0,1
0.141681904,0.320592234,0.537725862,0,1,1,1
0.141467488,0.296475826,0.562056685,0,0,1,1
0.141164003,0.497571875,0.361264123,0,0,1,1
0.141097821,0.698132559,0.16076962,0,0,0,1
0.14098529,0.090228223,0.768786487,0,1,1,1
0.140449761,0.429803825,0.429746414,0,0,0,1
0.139827373,0.12917575,0.730996877,0,0,1,1
0.139686852,0.473126124,0.387187024,0,0,1,1
0.138992368,0.208916911,0.652090721,0,1,1,1
0.138728398,0.68624152,0.175030081,0,0,1,1
0.138646902,0.30077248,0.560580619,0,1,1,1
0.137382206,0.613828461,0.248789333,0,0,0,1
0.137339549,0.431194478,0.431465973,0,0,1,1
0.137297417,0.633636425,0.229066158,0,0,0,1
0.137249293,0.22809987,0.634650837,0,1,0,1
0.137040571,0.104513638,0.75844579,0,0,1,1
0.136952555,0.079278607,0.783768838,0,0,1,1
0.136845671,0.296264701,0.566889627,0,0,0,1
0.136814617,0.734974463,0.12821092,0,0,0,1
0.136789551,0.502135928,0.361074521,0,1,1,1
0.136343815,0.414706342,0.448949844,0,0,0,1
0.136172848,0.178677755,0.685149397,0,1,1,1
0.135223482,0.119064188,0.74571233,0,1,0,1
0.134844592,0.535341623,0.329813785,0,0,0,1
0.134604653,0.507190033,0.358205314,0,1,1,1
0.134586325,0.523559421,0.341854254,0,0,0,1
0.134044284,0.718948958,0.147006758,0,1,1,1
0.133736079,0.752143308,0.114120612,0,1,1,1
0.133732963,0.291422605,0.574844432,0,1,0,1
0.133247275,0.632008377,0.234744348,0,0,0,1
0.132575262,0.487018776,0.380405962,0,1,1,1
0.132179121,0.334841838,0.532979042,0,1,1,1
0.132001306,0.507540441,0.360458253,0,1,1,1
0.131991968,0.236589402,0.631418631,0,0,0,1
0.131784071,0.481821155,0.386394774,0,0,0,1
0.131720149,0.414794984,0.453484867,0,1,1,1
0.131441409,0.132497856,0.736060735,0,1,0,1
0.131183136,0.687146985,0.181669879,0,1,1,1
0.130821759,0.179976397,0.689201844,0,0,1,1
0.130547485,0.209007086,0.660445428,0,0,0,1
0.12969329,0.642468096,0.227838614,0,0,1,1
0.129529524,0.706899142,0.163571333,0,0,0,1
0.129440368,0.336143093,0.53441654,0,0,0,1
0.129102715,0.79036197,0.080535316,0,0,0,1
0.12895748,0.473038865,0.398003654,0,0,0,1
0.128918602,0.305784425,0.565296974,0,0,0,1
0.128899447,0.488204001,0.382896553,0,0,1,1
0.128850981,0.355185038,0.515963981,0,1,0,1
0.128075695,0.135073597,0.736850708,0,1,0,1
0.127584297,0.320576394,0.55183931,0,1,1,1
0.127379002,0.791506979,0.081114018,0,0,1,1
0.127338768,0.505678466,0.366982765,0,0,1,1
0.127083066,0.424948076,0.447968858,0,1,1,1
0.127053569,0.131845554,0.741100877,0,1,0,1
0.126967685,0.098840139,0.774192176,0,1,0,1
0.126540488,0.100023893,0.77343562,0,0,1,1
0.125880114,0.221131278,0.652988608,0,0,0,1
0.125624941,0.611293181,0.263081877,0,1,0,1
0.125388688,0.576006983,0.29860433,0,0,0,1
0.125147779,0.166186765,0.708665456,0,0,1,1
0.125015734,0.157043993,0.717940273,0,1,1,1
0.124455262,0.185168834,0.690375904,0,0,1,1
0.124217755,0.535755297,0.340026948,0,0,0,1
0.124079853,0.617644472,0.258275676,0,1,1,1
0.124017489,0.339328498,0.536654013,0,0,0,1
0.12401379,0.732072352,0.143913858,0,1,1,1
0.12393976,0.258547632,0.617512608,0,0,1,1
0.123430606,0.385778522,0.490790872,0,0,1,1
0.123319692,0.73981849,0.136861818,0,0,0,1
0.123238185,0.324015115,0.5527467,0,1,1,1
0.123221274,0.785589678,0.091189048,0,0,1,1
0.122634582,0.100888844,0.776476575,0,0,0,1
0.12230454,0.098582505,0.779112955,0,1,1,1
0.122217861,0.150054,0.727728138,0,1,0,1
0.122207229,0.234752229,0.643040542,0,1,0,1
0.122087662,0.568239785,0.309672553,0,0,0,1
0.12160602,0.309867889,0.568526092,0,1,0,1
0.121293032,0.541604914,0.337102054,0,0,1,1
0.121199392,0.37150014,0.507300467,0,1,0,1
0.12007006,0.291402803,0.588527137,0,0,1,1
0.120044569,0.140523909,0.739431522,0,1,1,1
0.119996452,0.317921931,0.562081618,0,1,0,1
0.119748252,0.396257955,0.483993793,0,0,0,1
0.119714133,0.091671387,0.78861448,0,1,0,1
0.11855584,0.282134119,0.599310041,0,0,0,1
0.117626673,0.596227688,0.286145639,0,1,1,1
0.11757774,0.725736952,0.156685308,0,1,0,1
0.117268358,0.35659695,0.526134693,0,0,0,1
0.116171306,0.495353656,0.388475038,0,0,1,1
0.115995872,0.690600327,0.193403802,0,1,0,1
0.114041777,0.297640532,0.588317691,0,0,1,1
0.113928264,0.391032186,0.49503955,0,1,1,1
0.113349645,0.703382578,0.183267777,0,1,1,1
0.113229017,0.284321304,0.60244968,0,0,1,1
0.11297973,0.139670869,0.7473494,0,0,0,1
0.112848615,0.763290489,0.123860896,0,1,0,1
0.11263433,0.372738736,0.514626935,0,1,0,1
0.111709456,0.604136511,0.284154033,0,0,1,1
0.111491886,0.777698572,0.110809542,0,0,0,1
0.110850838,0.441186466,0.447962697,0,1,0,1
0.11068261,0.500994181,0.388323209,0,1,0,1
0.110151441,0.320998082,0.568850477,0,0,0,1
0.110066168,0.237429516,0.652504315,0,0,0,1
0.109413436,0.179197481,0.711389082,0,1,0,1
0.109119762,0.667828855,0.223051383,0,0,0,1
0.109015201,0.492914452,0.398070347,0,1,1,1
0.108931741,0.481723849,0.409344411,0,0,0,1
0.108404495,0.436539781,0.455055724,0,1,1,1
0.108377723,0.27517632,0.616445956,0,1,1,1
0.108225594,0.635207482,0.256566924,0,0,0,1
0.107874409,0.23573157,0.656394021,0,1,1,1
0.107422845,0.390632434,0.501944721,0,0,0,1
0.107067159,0.548432385,0.344500456,0,0,1,1
0.106645543,0.428482647,0.464871809,0,1,1,1
0.106286294,0.362429818,0.531283888,0,1,1,1
0.105208486,0.42892308,0.465868435,0,0,0,1
0.104875794,0.304760009,0.590364197,0,0,0,1
0.104673865,0.769991211,0.125334924,0,0,0,1
0.104530495,0.133503605,0.7619659,0,1,0,1
0.103401419,0.186930472,0.709668109,0,0,1,1
0.103124497,0.631525113,0.26535039,0,1,0,1
0.102852949,0.301505449,0.595641602,0,1,0,1
0.102661569,0.721492454,0.175845977,0,0,0,1
0.102182302,0.603698408,0.29411929,0,0,1,1
0.101410113,0.301738858,0.596851029,0,0,0,1
0.101400999,0.42888935,0.469709651,0,0,1,1
0.10114009,0.45132166,0.44753825,0,0,0,1
0.10060899,0.22010186,0.67928915,0,0,0,1
0.100514187,0.675171365,0.224314448,0,1,0,1
0.100315354,0.594241607,0.30544304,0,0,0,1
0.099365512,0.630332405,0.270302083,0,0,0,1
0.099140778,0.609007565,0.291851657,0,1,1,1
0.098071328,0.108917121,0.793011551,0,0,1,1
0.098057353,0.697470009,0.204472639,0,0,1,1
0.097929601,0.755208556,0.146861843,0,0,0,1
0.096433675,0.386414652,0.517151673,0,0,1,1
0.095629947,0.201866874,0.702503179,0,0,0,1
0.095311123,0.324211105,0.580477772,0,0,1,1
0.095087036,0.605975818,0.298937147,0,0,0,1
0.09497458,0.111660512,0.793364908,0,0,1,1
0.093830568,0.748748223,0.157421209,0,0,1,1
0.093246392,0.635905988,0.27084762,0,1,0,1
0.092503032,0.633481744,0.274015224,0,1,1,1
0.092082236,0.601398859,0.306518905,0,0,0,1
0.091810033,0.255825784,0.652364182,0,1,0,1
0.091486792,0.574521569,0.333991638,0,0,1,1
0.09142909,0.197536113,0.711034797,0,0,0,1
0.091341811,0.184174285,0.724483905,0,1,1,1
0.090890477,0.340190995,0.568918528,0,1,0,1
0.090556507,0.242412317,0.667031176,0,0,1,1
0.089794034,0.488770004,0.421435962,0,1,0,1
0.089628255,0.581376238,0.328995507,0,1,1,1
0.089165678,0.496198226,0.414636095,0,1,1,1
0.08895284,0.612216585,0.298830575,0,1,0,1
0.08891331,0.488634893,0.422451797,0,1,0,1
0.088868274,0.707192072,0.203939653,0,1,0,1
0.088659326,0.664525698,0.246814976,0,0,0,1
0.08863039,0.386206545,0.525163066,0,0,1,1
0.088187086,0.580467194,0.33134572,0,1,0,1
0.088062695,0.163165271,0.748772034,0,0,1,1
0.087674397,0.133767408,0.778558194,0,1,1,1
0.087253408,0.12309123,0.789655362,0,0,0,1
0.08716564,0.554830229,0.35800413,0,0,0,1
0.086385242,0.542731523,0.370883235,0,0,0,1
0.085801213,0.648121978,0.266076809,0,0,1,1
0.085096923,0.2877542,0.627148878,0,0,1,1
0.084569539,0.75058242,0.164848041,0,1,0,1
0.084259359,0.341091794,0.574648847,0,1,0,1
0.08422447,0.267476434,0.648299096,0,0,0,1
0.083900281,0.249777022,0.666322697,0,0,1,1
0.083364709,0.778120031,0.13851526,0,0,0,1
0.083127109,0.243364944,0.673507947,0,1,1,1
0.083057065,0.440510998,0.476431936,0,1,1,1
0.082748708,0.50727646,0.409974832,0,0,0,1
0.082539928,0.448902326,0.468557747,0,0,0,1
0.082287172,0.223558089,0.694154739,0,1,1,1
0.08190272,0.46861049,0.44948679,0,0,0,1
0.081883279,0.579382997,0.338733724,0,0,1,1
0.081709917,0.791511759,0.126778324,0,1,0,1
0.081453394,0.251121205,0.667425401,0,0,1,1
0.081335435,0.421809554,0.496855011,0,0,0,1
0.080887834,0.677334561,0.241777604,0,1,1,1
0.080866055,0.195045937,0.724088008,0,1,0,1
0.080512716,0.498843524,0.420643759,0,0,1,1
0.080367613,0.276312131,0.643320256,0,0,0,1
0.080329871,0.662480992,0.257189137,0,1,1,1
0.080265125,0.739918255,0.17981662,0,0,0,1
0.080150013,0.224520432,0.695329555,0,1,0,1
0.078992502,0.720331369,0.200676129,0,1,0,1
0.078529977,0.227437595,0.694032428,0,0,1,1
0.078523178,0.383176374,0.538300448,0,1,1,1
0.078126177,0.555524355,0.366349469,0,0,1,1
0.078036358,0.701107223,0.220856419,0,0,0,1
0.077323718,0.189493775,0.733182507,0,1,1,1
0.077165041,0.503544744,0.419290215,0,1,0,1
0.076433955,0.694630692,0.228935353,0,1,0,1
0.076280093,0.278956919,0.644762988,0,1,0,1
0.076268199,0.251512314,0.672219487,0,0,1,1
0.07599228,0.218123929,0.705883791,0,1,0,1
0.075596834,0.663279143,0.261124023,0,1,0,1
0.075395666,0.797516587,0.127087746,0,0,0,1
0.075019729,0.132242034,0.792738237,0,1,0,1
0.075007068,0.147761324,0.777231609,0,1,0,1
0.074940118,0.793826681,0.131233201,0,1,1,1
0.074009004,0.336625111,0.589365885,0,0,0,1
0.073695184,0.693573254,0.232731561,0,1,1,1
0.073503775,0.204387233,0.722108992,0,1,0,1
0.073358509,0.686046076,0.240595415,0,0,1,1
0.073242592,0.410754852,0.516002556,0,1,0,1
0.073125027,0.562068838,0.364806135,0,0,0,1
0.072957084,0.252607452,0.674435464,0,0,1,1
0.072866003,0.518646155,0.408487842,0,0,0,1
0.072166285,0.755501489,0.172332226,0,0,1,1
0.072043558,0.461563515,0.466392928,0,0,1,1
0.071724708,0.26836723,0.659908062,0,1,1,1
0.07145994,0.712998774,0.215541286,0,1,0,1
0.070351988,0.465109457,0.464538555,0,0,0,1
0.070025135,0.713497206,0.216477659,0,1,0,1
0.069763921,0.601881322,0.328354758,0,0,0,1
0.069367996,0.316553099,0.614078905,0,1,1,1
0.069076751,0.158279662,0.772643587,0,0,1,1
0.068891352,0.346451149,0.584657499,0,0,1,1
0.068144631,0.401397389,0.53045798,0,1,0,1
0.067884191,0.157789454,0.774326355,0,1,1,1
0.067642241,0.322323298,0.610034461,0,1,1,1
0.067250799,0.545107461,0.38764174,0,1,1,1
0.066698765,0.163447168,0.769854067,0,0,1,1
0.064801286,0.427278279,0.507920435,0,0,1,1
0.064480754,0.162132488,0.773386758,0,0,1,1
0.064218331,0.491131284,0.444650385,0,0,0,1
0.06400035,0.618989919,0.317009731,0,1,1,1
0.063641526,0.222379126,0.713979348,0,1,0,1
0.062864535,0.662073459,0.275062006,0,1,1,1
0.0623645,0.153832203,0.783803297,0,1,1,1
0.062356854,0.759110253,0.178532893,0,1,0,1
0.062289286,0.379852276,0.557858437,0,0,1,1
0.061533216,0.393357493,0.545109291,0,1,0,1
0.061330145,0.243526897,0.695142958,0,1,0,1
0.0611507,0.285825126,0.653024174,0,0,0,1
0.061041331,0.619828943,0.319129725,0,0,0,1
0.060851159,0.652612803,0.286536038,0,0,0,1
0.060649918,0.71445146,0.224898621,0,1,0,1
0.060424978,0.302728426,0.636846596,0,1,0,1
0.059865523,0.33748937,0.602645107,0,1,0,1
0.059658018,0.486432759,0.453909223,0,1,0,1
0.057643489,0.644149073,0.298207438,0,0,0,1
0.057561634,0.437322835,0.50511553,0,0,0,1
0.057304427,0.273103868,0.669591706,0,0,0,1
0.056583034,0.569505612,0.373911354,0,1,0,1
0.056289137,0.412248349,0.531462514,0,0,0,1
0.056211175,0.465222528,0.478566298,0,0,1,1
0.055886818,0.16960261,0.774510572,0,0,0,1
0.054985432,0.703958953,0.241055614,0,1,0,1
0.054629371,0.589062247,0.356308382,0,0,1,1
0.053535035,0.225154091,0.721310874,0,0,0,1
0.053301491,0.230919353,0.715779156,0,1,0,1
0.052347787,0.290751762,0.656900451,0,0,1,1
0.051928392,0.484845143,0.463226465,0,1,0,1
0.051683039,0.789593316,0.158723646,0,0,0,1
0.051014047,0.681772535,0.267213417,0,0,1,1
0.050933078,0.254976128,0.694090794,0,1,0,1
0.04975697,0.246300852,0.703942178,0,1,0,1
0.049433563,0.326378364,0.624188072,0,1,1,1
0.048549916,0.287285879,0.664164204,0,0,1,1
0.048322574,0.743000018,0.208677409,0,0,0,1
0.048318133,0.508562193,0.443119675,0,0,1,1
0.048188002,0.598615578,0.353196419,0,1,1,1
0.048046887,0.281941992,0.670011121,0,1,1,1
0.047773621,0.351417762,0.600808617,0,0,0,1
0.04690115,0.403003774,0.550095076,0,0,1,1
0.046885729,0.751677805,0.201436466,0,1,1,1
0.046170063,0.304465739,0.649364198,0,0,0,1
0.046107796,0.653508136,0.300384069,0,1,1,1
0.045738666,0.208068302,0.746193032,0,0,1,1
0.045212331,0.479097873,0.475689796,0,0,0,1
0.044703839,0.398716623,0.556579538,0,1,1,1
0.044175848,0.522836167,0.432987985,0,0,0,1
0.043836172,0.647938496,0.308225332,0,0,1,1
0.043739163,0.159791839,0.796468999,0,1,0,1
0.043593595,0.25330157,0.703104835,0,0,0,1
0.043542189,0.308688793,0.647769018,0,1,0,1
0.043128658,0.690479267,0.266392075,0,0,0,1
0.042559208,0.66270801,0.294732782,0,1,1,1
0.041856018,0.50365372,0.454490262,0,1,0,1
0.041769792,0.786347541,0.171882667,0,1,1,1
0.041632949,0.4572332,0.501133851,0,1,1,1
0.041342943,0.250386016,0.708271041,0,1,0,1
0.040881922,0.38481637,0.574301708,0,0,1,1
0.040556268,0.33580341,0.623640322,0,0,0,1
0.040447644,0.766026996,0.19352536,0,0,1,1
0.039305477,0.171196327,0.789498196,0,1,0,1
0.038751946,0.441169462,0.520078592,0,0,0,1
0.038525021,0.751303696,0.210171283,0,0,1,1
0.038482536,0.603302634,0.358214831,0,1,0,1
0.038397057,0.355487607,0.606115336,0,1,1,1
0.038331085,0.194848142,0.766820773,0,0,0,1
0.038211614,0.255875704,0.705912681,0,1,1,1
0.037576539,0.318918666,0.643504795,0,0,1,1
0.03745223,0.326184145,0.636363625,0,1,1,1
0.036790025,0.226681917,0.736528058,0,0,0,1
0.036685899,0.406096751,0.55721735,0,1,0,1
0.036657463,0.559626221,0.403716316,0,1,0,1
0.036132306,0.642573978,0.321293716,0,0,0,1
0.035697584,0.264793925,0.699508492,0,1,0,1
0.035289732,0.353728322,0.610981947,0,1,0,1
0.035193715,0.65591878,0.308887505,0,1,0,1
0.034211635,0.578776046,0.387012319,0,1,1,1
0.034036644,0.298838111,0.667125246,0,1,0,1
0.03346305,0.357513905,0.609023045,0,0,0,1
0.032764971,0.588708416,0.378526613,0,0,1,1
0.032684293,0.315320021,0.651995686,0,0,1,1
0.03245304,0.578417818,0.389129143,0,1,1,1
0.032369339,0.696332052,0.271298608,0,1,0,1
0.032330095,0.50220475,0.465465155,0,1,0,1
0.03195125,0.372390325,0.595658425,0,1,1,1
0.031117338,0.248163429,0.720719233,0,0,0,1
0.03066082,0.377164396,0.592174783,0,0,0,1
0.030468794,0.351721801,0.617809404,0,0,1,1
0.030281139,0.383979335,0.585739526,0,0,1,1
0.029355649,0.60436624,0.366278111,0,0,1,1
0.029347556,0.285508474,0.68514397,0,1,0,1
0.028882718,0.22662502,0.744492262,0,1,0,1
0.028786831,0.466061308,0.505151861,0,0,0,1
0.028290105,0.725869264,0.245840631,0,0,1,1
0.028197298,0.330331265,0.641471437,0,1,1,1
0.028082836,0.77846975,0.193447415,0,1,1,1
0.027308185,0.258943929,0.713747885,0,0,0,1
0.027247596,0.623789803,0.348962602,0,0,0,1
0.027243629,0.745009581,0.227746791,0,0,0,1
0.027119716,0.558111987,0.414768297,0,0,1,1
0.027067328,0.549205491,0.423727181,0,0,1,1
0.02696885,0.349868247,0.623162903,0,0,1,1
0.026505967,0.343689356,0.629804677,0,1,1,1
0.026378778,0.555357977,0.418263245,0,0,0,1
0.025744767,0.539745206,0.434510027,0,0,0,1
0.02553523,0.206868055,0.767596715,0,1,1,1
0.025438658,0.702042531,0.272518811,0,1,1,1
0.024492718,0.627401065,0.348106217,0,0,1,1
0.024180307,0.180359619,0.795460075,0,0,0,1
0.024124717,0.291339537,0.684535746,0,1,1,1
0.024001905,0.466369249,0.509628846,0,0,0,1
0.023433749,0.280930186,0.695636064,0,1,1,1
0.023353675,0.429159989,0.547486336,0,0,0,1
0.023294824,0.221872958,0.754832218,0,0,0,1
0.022925776,0.481461476,0.495612748,0,0,1,1
0.02274238,0.794221593,0.183036027,0,0,1,1
0.021305025,0.482363105,0.49633187,0,1,1,1
0.020827428,0.337155069,0.642017503,0,1,1,1
0.020218796,0.723037356,0.256743847,0,0,0,1
0.019523205,0.536844136,0.443632659,0,0,0,1
0.01918136,0.223224174,0.757594466,0,0,0,1
0.01853982,0.517967166,0.463493014,0,0,0,1
0.018306149,0.654138087,0.327555764,0,1,0,1
0.018302238,0.769684783,0.212012978,0,1,1,1
0.018174309,0.328379387,0.653446305,0,0,0,1
0.017773136,0.355030491,0.627196373,0,0,1,1
0.01582826,0.667322188,0.316849552,0,1,1,1
0.015251927,0.281463794,0.703284279,0,1,2,1
0.015138631,0.682012407,0.302848962,0,1,0,1
0.014870649,0.45185154,0.533277811,0,1,1,2
0.013941526,0.433018015,0.553040459,0,1,2,2
0.013732257,0.204527145,0.781740598,0,0,0,1
0.01327279,0.243954101,0.742773109,0,1,2,2
0.013058918,0.503570104,0.483370977,0,1,0,2
0.012795723,0.598577482,0.388626794,0,0,2,2
0.012544425,0.669283452,0.318172123,0,1,2,2
0.01217962,0.772787483,0.215032896,0,0,2,2
0.012067053,0.402165704,0.585767243,0,1,1,2
0.012013653,0.286666271,0.701320076,0,1,0,2
0.011772897,0.720238655,0.267988448,0,1,1,1
0.011460006,0.335357835,0.653182159,0,1,0,2
0.011354347,0.534086812,0.454558841,0,1,0,2
0.011285527,0.264464966,0.724249507,0,0,2,1
0.011264362,0.245406042,0.743329597,0,1,1,1
0.010360835,0.347453578,0.642185587,0,0,1,2
0.010297533,0.578227351,0.411475116,0,1,0,3
0.01012781,0.450613368,0.539258822,0,0,2,2
0.009794628,0.345025749,0.645179623,0,0,0,2
0.009696189,0.430543217,0.559760593,0,0,2,2
0.009579427,0.666979118,0.323441455,0,0,1,2
0.008738052,0.217258703,0.774003245,0,1,0,2
0.008594622,0.256142196,0.735263182,0,0,1,2
0.008589215,0.470430555,0.520980229,0,0,1,2
0.008272761,0.748234926,0.243492313,0,1,1,2
0.008144253,0.540004881,0.451850867,0,1,1,2
0.007655661,0.483432343,0.508911996,0,0,0,2
0.007038321,0.232993809,0.75996787,0,1,0,3
0.006723601,0.622108038,0.371168361,0,1,2,2
0.006417575,0.745720948,0.247861477,0,1,0,1
0.0057832,0.551379295,0.442837505,0,0,2,2
0.005476469,0.446974775,0.547548757,0,0,2,1
0.004380818,0.703147283,0.292471899,0,1,2,1
0.004135363,0.764678074,0.231186563,0,0,2,1
0.004012033,0.210447464,0.785540503,0,1,2,1
0.003538817,0.479592223,0.51686896,0,0,0,2
0.003529475,0.496262072,0.500208453,0,1,0,2
0.00331431,0.718542588,0.278143102,0,0,0,2
0.002815099,0.651301832,0.345883069,0,1,1,2
0.00210075,0.778655133,0.219244117,0,1,0,2
0.001195676,0.403315814,0.59548851,0,0,2,2
0.000611375,0.346794457,0.652594168,0,0,1,1
0.000552915,0.640569023,0.358878061,0,1,1,2
0.000338844,0.249917286,0.749743869,0,1,0,1
0.000257578,0.761355343,0.238387079,0,0,2,1
0.137297417,0.17672,0.229066158,0,0,0,1
0.229066158,0.17672,0.229066158,0,0,0,1
0.229066158,0.17672,0.229066158,0,0,0,1
0.137297417,0.17672,0.229066158,0,0,0,1
0.137297417,0.17672,0.137297417,0,0,0,1
0.137297417,0.17672,0.137297417,0,0,0,1
0.137297417,0.17672,0.137297417,0,0,0,1
0.137297417,0.17672,0.137297417,0,0,0,1
0.137297417,0.17672,0.137297417,0,0,0,1
0.137297417,0.17672,0.137297417,0,0,0,1
0.137297417,0.17672,0.137297417,0,0,0,1
0.137297417,0.17672,0.00016425,0,0,0,1
0.137297417,0.17672,0.00016425,0,0,0,1
0.137297417,0.17672,0.01126425,0,0,0,1
0.137297417,0.17672,0.01126425,0,0,0,1
0.137297417,0.17672,0.01126425,0,0,0,1
0.137297417,0.17672,0.01126425,0,0,0,1
0.137297417,0.17672,0.01126425,0,0,0,1
0.137297417,0.17672,0.01126425,0,0,0,1
0.137297417,0.17672,0.01126425,0,0,0,1
0.137297417,0.17672,0.229066158,0,0,0,1
0.137297417,0.17672,0.229066158,0,0,0,1
0.137297417,0.17672,0.229066158,0,0,0,1
0.137297417,0.176372,0.229066158,0,0,0,1
0.137297417,0.17672,0.229066158,0,0,0,1
0.137297417,0.17672,0.229066158,0,0,0,1
0.137297417,0.17672,0.229066158,0,0,0,1
0.137297417,0.17672,0.229066158,0,0,0,1
0.137297417,0.17672,0.229066158,0,0,0,1
0.137297417,0.17672,0.229066158,0,0,0,1
0.137297417,0.17672,0.229066158,0,0,0,1
0.137297417,0.17672,0.229066158,0,0,0,1
0.137297417,0.17672,0.091969695,0,0,0,1
0.137297417,0.17672,0.115236175,0,0,0,1
0.137297417,0.17672,0.091969695,0,0,0,1
0.137297417,0.17672,0.115236175,0,0,0,1
0.137297417,0.17672,0.149853545,0,0,0,1
0.137297417,0.17672,0.03891427,0,0,0,1
0.192393,0.008281,0.042995222,0,0,0,1
0.192393,0.008281,0.159625377,0,0,0,1
0.192393,0.008281,0.053337405,0,0,0,1
0.192393,0.008281,0.040262546,0,0,0,1
0.192393,0.008281,0.082160282,0,0,0,1
0.192393,0.008281,0.110956477,0,0,0,1
0.192393,0.008281,0.142359784,0,0,0,1
0.192393,0.008281,0.01028483,0,0,0,1
0.192393,0.008281,0.15602062,0,0,0,1
0.192393,0.008281,0.100227774,0,0,0,1
0.192393,0.008281,0.188435797,0,0,0,1
0.192393,0.008281,0.229066158,0,0,0,1
0.192393,0.008281,0.229066158,0,0,0,1
0.192393,0.008281,0.229066158,0,0,0,1
0.192393,0.008281,0.229066158,0,0,0,1
0.008281,0.008281,0.229066158,0,0,0,1
0.008281,0.008281,0.229066158,0,0,0,1
0.008281,0.192393,0.229066158,0,0,0,1
0.008281,0.192393,0.229066158,0,0,0,1
0.008281,0.192393,0.229066158,0,0,0,1
0.008281,0.192393,0.229066158,0,0,0,1
0.008281,0.192393,0.229066158,0,0,0,1
0.008281,0.192393,0.229066158,0,0,0,1
0.008281,0.192393,0.229066158,0,0,0,1
0.008281,0.192393,0.229066158,0,0,0,1
0.008281,0.192393,0.229066158,0,0,0,1
0.008281,0.192393,0.229066158,0,0,0,1
0.008281,0.192393,0.229066158,0,0,0,1
0.137297417,0.192393,0.229066158,0,0,0,1
0.137297417,0.192393,0.229066158,0,0,0,1
0.137297417,0.192393,0.0002334,0,0,0,1
0.137297417,0.192393,0.0002334,0,0,0,1
0.137297417,0.192393,0.0002334,0,0,0,1
0.137297417,0.0002334,0.0002334,0,0,0,1
0.137297417,0.0002334,0.0002334,0,0,0,1
0.137297417,0.0002334,0.0002334,0,0,0,1
0.137297417,0.0002334,0.0002334,0,0,0,1
0.137297417,0.0002334,0.006373,0,0,0,1
0.137297417,0.0002334,0.006373,0,0,0,1
0.0002334,0.0002334,0.006373,0,0,0,1
0.0002334,0.0002334,0.006373,0,0,0,1
0.0002334,0.0002334,0.006373,0,0,0,1
0.0002334,0.0002334,0.006373,0,0,0,1
0.0002334,0.0002334,0.229066158,0,0,0,1
0.006373,0.0002334,0.229066158,0,0,0,1
0.006373,0.0002334,0.229066158,0,0,0,1
0.006373,0.0002334,0.229066158,0,0,0,1
0.006373,0.0002334,0.229066158,0,0,0,1
0.006373,0.0002334,0.229066158,0,0,0,1
0.006373,0.0002334,0.229066158,0,0,0,1
0.006373,0.006373,0.229066158,0,0,0,1
0.006373,0.006373,0.229066158,0,0,0,1
0.006373,0.006373,0.229066158,0,0,0,1
0.137297417,0.006373,0.229066158,0,0,0,1
0.137297417,0.006373,0.229066158,0,0,0,1
0.137297417,0.006373,0.229066158,0,0,0,1
0.137297417,0.006373,0.229066158,0,0,0,1
0.137297417,0.006373,0.229066158,0,0,0,1
0.137297417,0.006373,0.229066158,0,0,0,1
0.137297417,0.006373,0.229066158,0,0,0,1
0.137297417,0.006373,0.229066158,0,0,0,1
0.092236425,0.006373,0.229066158,0,0,0,1
0.092236425,0.006373,0.229066158,0,0,0,1
0.092236425,0.006373,0.229066158,0,0,0,1
0.092236425,0.006373,0.229066158,0,0,0,1
0.092236425,0.006373,3.42502E-05,0,0,0,1
0.092236425,0.006373,3.42502E-05,0,0,0,1
0.092236425,0.006373,3.42502E-05,0,0,0,1
0.092236425,0.006373,3.42502E-05,0,0,0,1
0.092236425,0.092236425,3.42502E-05,0,0,0,1
0.092236425,0.092236425,0.00016425,0,0,0,1
0.092236425,0.092236425,0.00016425,0,0,0,1
0.092236425,0.092236425,0.00016425,0,0,0,1
0.092236425,0.092236425,0.00016425,0,0,0,1
3.42502E-05,0.092236425,0.00016425,0,0,0,1
0.137297417,0.092236425,0.229066158,0,0,0,1
0.137297417,0.092236425,0.229066158,0,0,0,1
0.137297417,0.092236425,0.229066158,0,0,0,1
0.137297417,0.092236425,0.229066158,0,0,0,1
0.137297417,0.092236425,0.229066158,0,0,0,1
0.137297417,0.092236425,0.229066158,0,0,0,1
0.137297417,0.092236425,0.229066158,0,0,0,1
0.137297417,3.42502E-05,0.229066158,0,0,0,1
0.137297417,3.42502E-05,0.229066158,0,0,0,1
3.42502E-05,3.42502E-05,0.229066158,0,0,0,1
3.42502E-05,3.42502E-05,0.229066158,0,0,0,1
3.42502E-05,3.42502E-05,0.229066158,0,0,0,1
3.42502E-05,3.42502E-05,3.42502E-05,0,0,0,1
3.42502E-05,3.42502E-05,3.42502E-05,0,0,0,1
3.42502E-05,3.42502E-05,3.42502E-05,0,0,0,1
3.42502E-05,3.42502E-05,3.42502E-05,0,0,0,1
3.42502E-05,3.42502E-05,3.42502E-05,0,0,0,1
3.42502E-05,3.42502E-05,0.00016425,0,0,0,1
0.00016425,3.42502E-05,0.00016425,0,0,0,1
0.00016425,3.42502E-05,0.00016425,0,0,0,1
0.00016425,3.42502E-05,0.00016425,0,0,0,1
0.00016425,3.42502E-05,0.00016425,0,0,0,1
0.00016425,3.42502E-05,0.229066158,0,0,0,1
0.137297417,0.00016425,0.229066158,0,0,0,1
0.137297417,0.00016425,0.229066158,0,0,0,1
0.137297417,0.00016425,0.229066158,0,0,0,1
0.137297417,0.00016425,0.229066158,0,0,0,1
0.137297417,0.00016425,0.229066158,0,0,0,1
0.137297417,0.00016425,0.229066158,0,0,0,1
0.137297417,0.00016425,0.229066158,0,0,0,1
0.137297417,0.00016425,0.229066158,0,0,0,1
0.137297417,0.00016425,0.229066158,0,0,0,1
0.137297417,0.00016425,0.229066158,0,0,0,1
0.137297417,0.00016425,0.229066158,0,0,0,1
0.137297417,0.00016425,0.229066158,0,0,0,1
0.137297417,0.00016425,0.229066158,0,0,0,1
0.00016425,0.00016425,0.229066158,0,0,0,1
0.00016425,0.00016425,0.229066158,0,0,0,1
0.01126425,0.00016425,0.229066158,0,0,0,1
0.01126425,0.00016425,0.229066158,0,0,0,1
0.01126425,0.01126425,0.229066158,0,0,0,1
0.01126425,0.01126425,0.229066158,0,0,0,1
0.01126425,0.01126425,0.229066158,0,0,0,1
0.01126425,0.01126425,0.229066158,0,0,0,1
0.01126425,0.01126425,0.229066158,0,0,0,1
0.01126425,0.01126425,0.229066158,0,0,0,1
0.01126425,0.01126425,0.229066158,0,0,0,1
0.01126425,0.01126425,0.229066158,0,0,0,1
0.01126425,0.01126425,0.229066158,0,0,0,1
0.137297417,0.01126425,0.229066158,0,0,0,1
0.137297417,0.01126425,0.229066158,0,0,0,1
0.137297417,0.0006,0.229066158,0,0,0,1
0.137297417,0.0006,0.229066158,0,0,0,1
0.137297417,0.0006,0.229066158,0,0,0,1
0.137297417,0.0006,0.229066158,0,0,0,1
0.137297417,0.0006,0.229066158,0,0,0,1
0.137297417,0.0006,0.229066158,0,0,0,1
0.137297417,0.0006,0.051162347,0,0,0,1
0.137297417,0.0006,0.110802095,0,0,0,1
0.137297417,0.0006,0.161276791,0,0,0,1
0.137297417,0.0006,0.155055428,0,0,0,1
0.137297417,0.0006,0.159220435,0,0,0,1
0.137297417,0.0006,0.048324387,0,0,0,1
0.137297417,0.0006,0.087379077,0,0,0,1
0.137297417,0.0006,0.143757342,0,0,0,1
0.137297417,0.0006,0.245966727,0,0,0,1
0.137297417,0.0006,0.088196958,0,0,0,1
0.137297417,0.0006,0.037026078,0,0,0,1
0.137297417,0.023642502,0.218151006,0,0,0,1
0.137297417,0.023642502,0.180641488,0,0,0,1
0.137297417,0.023642502,0.11015394,0,0,0,1
0.0006,0.023642502,0.156385553,0,0,0,1
0.0006,0.023642502,0.123183051,0,0,0,1
0.0006,0.023642502,0.17234419,0,0,0,1
0.0006,0.023642502,0.113071329,0,0,0,1
0.0006,0.023642502,0.220427599,0,0,0,1
0.0006,0.023642502,0.114010197,0,0,0,1
0.0006,0.28242502,0.196382917,0,0,0,1
0.0006,0.28242502,0.229066158,0,0,0,1
0.0006,0.28242502,0.229066158,0,0,0,1
0.0006,0.28242502,0.229066158,0,0,0,1
0.0006,0.28242502,0.229066158,0,0,0,1
0.0006,0.28242502,0.229066158,0,0,0,1
0.137297417,0.28242502,0.098234518,0,0,0,1
0.137297417,0.00226425,0.068790609,0,0,0,1
0.137297417,0.00226425,0.20150363,0,0,0,1
0.023342502,0.00226425,0.05792125,0,0,0,1
0.00016425,0.00226425,0.113939384,0,0,0,1
0.28242502,0.00226425,0.026091291,0,0,0,1
0.01826425,0.00226425,0.060440384,0,0,0,1
0.112636425,0.00226425,0.079138667,0,0,0,1
0.111250198,0.00226425,0.056033861,0,0,0,1
0.00016425,0.00226425,0.001389243,0,0,0,1
0.633636425,0.00226425,0.027889816,0,0,0,1
0.009263364,0.00226425,0.218782671,0,0,0,1
0.00016425,0.02642502,0.056951833,0,0,0,1
0.28242502,0.00742502,0.046594112,0,0,0,1
0.01826425,0.023342502,0.055093115,0,0,0,1
0.112636425,0.00016425,0.229066158,0,0,0,1
0.111250198,0.28242502,0.229066158,0,0,0,1
0.00016425,0.01826425,0.229066158,0,0,0,1
0.633636425,0.112636425,0.229066158,0,0,0,1
0.009263364,0.111250198,0.229066158,0,0,0,1
0.023642502,0.00016425,0.229066158,0,0,0,1
0.01126425,0.633636425,0.229066158,0,0,0,1
0.0006,0.009263364,0.229066158,0,0,0,1
0.137297417,0.023642502,0.229066158,0,0,0,1
0.137297417,0.01126425,0.229066158,0,0,0,1
0.137297417,0.0006,0.229066158,0,0,0,1